method,board,time,moves
w32d5,0,0.0420858860015869,18
w32d5,0,0.0696988105773925,17
w32d5,0,0.1520819664001464,16
w32d5,0,0.1980559825897216,15
w32d5,1,0.006227970123291,16
w32d5,1,0.0419309139251709,15
w32d5,1,0.1858139038085937,14
w32d5,1,2.3010268211364746,13
w32d5,2,0.0061590671539306,15
w32d5,2,0.4223091602325439,14
w32d5,2,29.140494108200073,13
w32d5,3,0.0086352825164794,17
w32d5,3,0.1592030525207519,16
w32d5,3,1.1821601390838623,15
w32d5,3,2.373872995376587,14
w32d5,4,0.0076191425323486,15
w32d5,4,0.0136094093322753,14
w32d5,4,0.1263802051544189,13
w32d5,5,0.0061671733856201,15
w32d5,5,0.0896892547607421,14
w32d5,5,3.1787872314453125,13
w32d5,6,0.0142481327056884,18
w32d5,6,0.0207650661468505,17
w32d5,6,0.0494601726531982,16
w32d5,6,1.827821969985962,15
w32d5,7,0.007904052734375,16
w32d5,7,1.1777701377868652,14
w32d5,8,0.0064969062805175,15
w32d5,8,0.0584428310394287,14
w32d5,9,0.0115869045257568,14
w32d5,9,0.7434351444244385,13
w32d5,9,1.6853060722351074,12
w32d5,10,0.0160770416259765,21
w32d5,10,0.0583219528198242,19
w32d5,10,0.1248519420623779,18
w32d5,10,3.1044719219207764,17
w32d5,10,14.686712980270386,16
w32d5,11,0.014085054397583,16
w32d5,11,0.0262799263000488,15
w32d5,11,0.0355482101440429,14
w32d5,11,0.0929248332977294,13
w32d5,11,0.177901029586792,12
w32d5,11,0.8345170021057129,11
w32d5,12,0.0104389190673828,16
w32d5,12,0.6201658248901367,15
w32d5,12,2.783255100250244,14
w32d5,13,0.0136821269989013,21
w32d5,13,0.031548261642456,17
w32d5,13,19.50114417076111,16
w32d5,14,0.0098450183868408,19
w32d5,14,0.5695619583129883,17
w32d5,14,2.632909059524536,16
w32d5,14,6.190337896347046,15
w32d5,15,0.0063810348510742,14
w32d5,15,0.0332531929016113,13
w32d5,15,0.3245420455932617,12
w32d5,15,11.374568939208984,11
w32d5,16,0.0069513320922851,16
w32d5,16,0.019881248474121,15
w32d5,16,0.0379271507263183,14
w32d5,16,0.511655330657959,13
w32d5,16,1.4504210948944092,12
w32d5,17,0.0072040557861328,17
w32d5,17,0.0129179954528808,16
w32d5,17,0.3890700340270996,15
w32d5,17,1.466458082199097,14
w32d5,18,0.0065500736236572,15
w32d5,18,0.1029980182647705,14
w32d5,18,0.1537389755249023,13
w32d5,18,20.41707491874695,12
w32d5,19,0.0086808204650878,19
w32d5,19,0.1018629074096679,17
w32d5,19,4.680207967758179,16
w32d5,20,0.0076918601989746,18
w32d5,20,0.0212516784667968,17
w32d5,20,0.0281207561492919,16
w32d5,20,0.1667237281799316,15
w32d5,20,0.7977967262268066,14
w32d5,20,11.434584617614746,13
w32d5,21,0.0078809261322021,18
w32d5,21,0.0234246253967285,17
w32d5,21,0.0370688438415527,16
w32d5,21,0.042764663696289,14
w32d5,21,0.1945738792419433,13
w32d5,22,0.0081992149353027,19
w32d5,22,0.0152530670166015,18
w32d5,22,0.1020252704620361,17
w32d5,22,0.3388190269470215,16
w32d5,22,0.4405801296234131,15
w32d5,22,0.4806993007659912,14
w32d5,22,3.941938161849976,13
w32d5,23,0.0070681571960449,16
w32d5,23,0.0523293018341064,15
w32d5,23,0.5243701934814453,14
w32d5,24,0.0092298984527587,18
w32d5,24,0.02398681640625,16
w32d5,24,0.2191479206085205,15
w32d5,24,0.4231190681457519,14
w32d5,25,0.0090701580047607,17
w32d5,25,0.297760009765625,16
w32d5,25,4.188504219055176,15
w32d5,26,0.0084810256958007,19
w32d5,26,0.0550222396850585,18
w32d5,26,0.1046102046966552,17
w32d5,26,1.2552623748779297,16
w32d5,26,6.2839531898498535,15
w32d5,27,0.0088939666748046,20
w32d5,27,0.0163748264312744,19
w32d5,27,0.0965449810028076,18
w32d5,27,0.103238821029663,17
w32d5,27,0.1412317752838134,16
w32d5,27,0.2628118991851806,15
w32d5,27,0.3095066547393799,14
w32d5,28,0.0099389553070068,18
w32d5,28,0.0430471897125244,17
w32d5,28,0.0675163269042968,16
w32d5,28,1.346339225769043,15
w32d5,28,3.95500111579895,14
w32d5,29,0.0076091289520263,16
w32d5,29,0.2402000427246093,15
w32d5,29,2.5464930534362793,14
w32d5,30,0.0059127807617187,13
w32d5,30,0.0866839885711669,12
w32d5,30,0.1989319324493408,11
w32d5,30,1.1835541725158691,10
w32d5,31,0.0094978809356689,15
w32d5,31,0.5679466724395752,14
w32d5,31,0.6892988681793213,13
w32d5,32,0.0086908340454101,20
w32d5,32,0.2069709300994873,17
w32d5,33,0.0067372322082519,15
w32d5,33,0.6632430553436279,14
w32d5,34,0.0078957080841064,17
w32d5,34,0.9824938774108888,16
w32d5,35,0.0151386260986328,21
w32d5,35,0.0262978076934814,19
w32d5,35,0.0883309841156005,18
w32d5,35,0.1214766502380371,17
w32d5,35,0.3025887012481689,16
w32d5,35,0.3183217048645019,15
w32d5,35,25.710264682769775,14
w32d5,36,0.0108861923217773,18
w32d5,36,0.0259022712707519,17
w32d5,36,0.0503811836242675,16
w32d5,36,0.1016960144042968,15
w32d5,36,0.91550612449646,14
w32d5,37,0.0112011432647705,23
w32d5,37,0.0202431678771972,20
w32d5,37,0.0286910533905029,19
w32d5,37,0.3208861351013183,18
w32d5,37,5.243748903274536,17
w32d5,37,28.403589248657227,16
w32d5,38,0.0074639320373535,16
w32d5,38,0.054682970046997,15
w32d5,38,0.1450917720794677,14
w32d5,38,0.2889728546142578,13
w32d5,38,0.473179817199707,12
w32d5,39,0.0080950260162353,19
w32d5,39,0.0136740207672119,14
w32d5,39,0.0457408428192138,13
w32d5,39,1.2055718898773191,12
w32d5,40,0.0077998638153076,18
w32d5,40,0.06687593460083,17
w32d5,40,0.0737550258636474,16
w32d5,40,1.365670919418335,15
w32d5,40,2.737147092819214,14
w32d5,41,0.0091829299926757,18
w32d5,41,0.0177738666534423,17
w32d5,41,0.0341248512268066,16
w32d5,41,0.0411758422851562,14
w32d5,41,0.0628747940063476,13
w32d5,41,0.807945966720581,11
w32d5,42,0.0126609802246093,18
w32d5,42,0.02410888671875,17
w32d5,42,0.0698699951171875,16
w32d5,42,0.088202953338623,15
w32d5,42,0.2224540710449218,13
w32d5,42,1.776352882385254,12
w32d5,43,0.0094389915466308,17
w32d5,43,0.0537929534912109,16
w32d5,43,0.1813099384307861,14
w32d5,43,57.60533785820007,13
w32d5,44,0.0079398155212402,15
w32d5,44,0.0899889469146728,13
w32d5,45,0.0117380619049072,18
w32d5,45,0.021514892578125,17
w32d5,45,0.0631649494171142,16
w32d5,45,1.3291258811950684,15
w32d5,45,1.5163488388061523,14
w32d5,46,0.0088787078857421,17
w32d5,46,0.0370118618011474,16
w32d5,46,0.0714607238769531,14
w32d5,46,4.064360857009888,13
w32d5,47,0.0089931488037109,18
w32d5,47,0.2075531482696533,17
w32d5,47,0.6891789436340332,16
w32d5,47,13.142992973327637,15
w32d5,47,47.634819984436035,14
w32d5,48,0.0083611011505126,17
w32d5,48,0.0668239593505859,16
w32d5,48,0.0893580913543701,15
w32d5,48,5.988401889801025,14
w32d5,49,0.010462999343872,18
w32d5,49,0.0256280899047851,17
w32d5,49,0.0396862030029296,15
w32d5,49,0.1674051284790039,14
w32d5,49,0.4788932800292969,13
w32d5,49,13.100799083709717,12
w32d5,50,0.0093450546264648,19
w32d5,50,0.0342118740081787,18
w32d5,50,0.0580470561981201,17
w32d5,50,0.262017011642456,16
w32d5,50,0.9809789657592772,15
w32d5,50,15.382705926895142,14
w32d5,51,0.0117030143737792,22
w32d5,51,0.0187971591949462,18
w32d5,51,0.4560761451721191,17
w32d5,51,0.7463099956512451,16
w32d5,51,14.632263898849487,15
w32d5,52,0.0067908763885498,16
w32d5,52,0.0340609550476074,15
w32d5,52,0.6632709503173828,14
w32d5,52,24.626437187194824,13
w32d5,53,0.0114428997039794,21
w32d5,53,0.0193920135498046,19
w32d5,53,0.0429999828338623,17
w32d5,53,0.1603069305419922,16
w32d5,53,1.5788071155548096,15
w32d5,54,0.0100049972534179,21
w32d5,54,0.0267901420593261,20
w32d5,54,0.0792059898376464,18
w32d5,54,2.9262750148773193,16
w32d5,55,0.0100758075714111,22
w32d5,55,0.0190761089324951,20
w32d5,55,0.0474219322204589,19
w32d5,55,0.0987899303436279,18
w32d5,55,0.6888320446014404,17
w32d5,55,7.070213079452515,16
w32d5,56,0.0107438564300537,22
w32d5,56,0.0297679901123046,21
w32d5,56,0.0673789978027343,19
w32d5,56,0.5628161430358887,18
w32d5,56,5.83280611038208,17
w32d5,56,7.094804048538208,16
w32d5,57,0.009706974029541,20
w32d5,57,0.0266628265380859,18
w32d5,57,0.0559790134429931,17
w32d5,57,7.8324737548828125,16
w32d5,58,0.0080499649047851,17
w32d5,58,0.0242078304290771,16
w32d5,58,0.0765068531036377,14
w32d5,58,0.5590569972991943,13
w32d5,59,0.0097100734710693,19
w32d5,59,0.0175311565399169,18
w32d5,59,0.0245759487152099,16
w32d5,59,0.3616759777069092,15
w32d5,59,1.958362102508545,14
w32d5,59,4.044934988021851,13
w32d5,60,0.008836030960083,17
w32d5,60,0.0344958305358886,15
w32d5,60,0.0410480499267578,14
w32d5,60,20.89521288871765,13
w32d5,61,0.009167194366455,18
w32d5,61,0.1709132194519043,17
w32d5,61,12.266010284423828,16
w32d5,62,0.0083460807800292,15
w32d5,62,0.3370721340179443,14
w32d5,62,1.2804391384124756,13
w32d5,63,0.008970022201538,17
w32d5,63,0.0792610645294189,16
w32d5,63,0.5193741321563721,15
w32d5,63,3.955197095870972,14
w32d5,64,0.010655403137207,22
w32d5,64,0.0207180976867675,20
w32d5,64,0.0499351024627685,19
w32d5,64,0.0890781879425048,18
w32d5,64,0.7293281555175781,17
w32d5,64,2.6558053493499756,16
w32d5,65,0.0092849731445312,19
w32d5,65,0.0467510223388671,17
w32d5,65,0.4669489860534668,16
w32d5,65,21.922368049621586,15
w32d5,66,0.0076048374176025,14
w32d5,66,0.0389249324798584,13
w32d5,66,22.86174201965332,12
w32d5,67,0.0081939697265625,16
w32d5,67,0.1183600425720214,15
w32d5,67,9.97457718849182,14
w32d5,68,0.0096631050109863,19
w32d5,68,0.0261452198028564,18
w32d5,68,0.0822269916534423,15
w32d5,68,0.9350631237030028,14
w32d5,68,2.0455210208892822,13
w32d5,68,3.681265115737915,12
w32d5,69,0.0088362693786621,18
w32d5,69,0.0163819789886474,17
w32d5,69,0.0320041179656982,14
w32d5,70,0.0095119476318359,20
w32d5,70,0.0182998180389404,19
w32d5,70,0.0262937545776367,18
w32d5,70,0.1038637161254882,16
w32d5,70,5.906042814254761,15
w32d5,71,0.0106911659240722,20
w32d5,71,0.01882004737854,18
w32d5,71,0.2693440914154053,17
w32d5,71,1.4610629081726074,16
w32d5,71,4.126404047012329,15
w32d5,72,0.011232852935791,23
w32d5,72,0.0205700397491455,20
w32d5,72,0.0473368167877197,19
w32d5,72,0.0645828247070312,17
w32d5,72,0.299354076385498,16
w32d5,73,0.0091371536254882,17
w32d5,73,0.0680100917816162,16
w32d5,73,0.1252520084381103,15
w32d5,73,1.8923702239990232,14
w32d5,74,0.0098359584808349,19
w32d5,74,0.2256178855895996,18
w32d5,74,0.5456399917602539,17
w32d5,75,0.0088720321655273,18
w32d5,75,0.0163071155548095,17
w32d5,75,0.0413799285888671,16
w32d5,75,0.4835309982299804,15
w32d5,75,0.6992580890655518,14
w32d5,75,12.87786316871643,13
w32d5,76,0.0097930431365966,19
w32d5,76,0.039269208908081,18
w32d5,76,0.2607853412628174,17
w32d5,76,0.3145310878753662,16
w32d5,76,2.8935670852661133,15
w32d5,76,27.26009702682495,14
w32d5,77,0.0097990036010742,16
w32d5,77,0.0504069328308105,15
w32d5,77,1.29712176322937,14
w32d5,78,0.0114030838012695,20
w32d5,78,0.0213549137115478,19
w32d5,78,0.0297200679779052,18
w32d5,78,0.0855369567871093,16
w32d5,78,0.5856530666351318,15
w32d5,78,5.145048141479492,14
w32d5,79,0.0072329044342041,17
w32d5,79,0.0261130332946777,16
w32d5,79,0.0318760871887207,15
w32d5,79,0.0497670173645019,14
w32d5,79,1.7805681228637695,13
w32d5,80,0.0061972141265869,15
w32d5,80,0.0309278964996337,14
w32d5,80,0.4768459796905517,13
w32d5,81,0.0075819492340087,18
w32d5,81,0.0407140254974365,17
w32d5,81,0.0917010307312011,15
w32d5,81,1.3478789329528809,14
w32d5,81,3.422711133956909,13
w32d5,82,0.0064706802368164,15
w32d5,82,0.0882549285888671,14
w32d5,83,0.007598876953125,18
w32d5,83,0.0653660297393798,16
w32d5,83,1.8858749866485596,15
w32d5,84,0.0070059299468994,17
w32d5,84,0.0128579139709472,16
w32d5,84,0.6860899925231934,15
w32d5,84,2.768389940261841,14
w32d5,85,0.0064630508422851,16
w32d5,85,0.0247108936309814,15
w32d5,85,0.0598819255828857,14
w32d5,85,0.8622951507568359,13
w32d5,86,0.0082221031188964,19
w32d5,86,0.0167641639709472,18
w32d5,86,0.0387451648712158,16
w32d5,86,0.0835881233215332,15
w32d5,86,3.0237181186676025,14
w32d5,86,5.1586291790008545,13
w32d5,87,0.009796142578125,19
w32d5,87,0.1315298080444336,18
w32d5,87,0.9244580268859864,17
w32d5,87,22.99553394317627,16
w32d5,88,0.0075209140777587,17
w32d5,88,0.0535440444946289,16
w32d5,88,0.8067309856414795,15
w32d5,88,25.31315803527832,14
w32d5,89,0.0081071853637695,20
w32d5,89,0.0356340408325195,18
w32d5,89,0.073307991027832,16
w32d5,89,0.112415075302124,15
w32d5,89,0.1673531532287597,14
w32d5,89,0.2449049949645996,13
w32d5,89,2.105771064758301,12
w32d5,90,0.0073590278625488,19
w32d5,90,0.0137591361999511,18
w32d5,90,0.0275890827178955,16
w32d5,90,8.500521183013916,15
w32d5,91,0.0074529647827148,19
w32d5,91,0.0138318538665771,18
w32d5,91,0.0990009307861328,17
w32d5,91,0.1906318664550781,16
w32d5,92,0.007242202758789,17
w32d5,92,0.0201132297515869,16
w32d5,92,0.0254461765289306,15
w32d5,92,0.0594310760498046,14
w32d5,92,1.1891252994537354,13
w32d5,93,0.0075671672821044,19
w32d5,93,0.0136959552764892,17
w32d5,93,0.019489049911499,16
w32d5,93,0.5714659690856934,14
w32d5,94,0.0083661079406738,21
w32d5,94,0.0149507522583007,18
w32d5,94,0.0360708236694335,16
w32d5,94,0.3426051139831543,15
w32d5,94,0.8948328495025635,14
w32d5,95,0.0069398880004882,17
w32d5,95,0.01348876953125,16
w32d5,95,0.0708088874816894,15
w32d5,95,0.1090309619903564,14
w32d5,95,0.1609327793121338,13
w32d5,96,0.0079047679901123,19
w32d5,96,0.0223228931427001,18
w32d5,96,0.0772998332977294,16
w32d5,96,0.3519747257232666,15
w32d5,96,0.9777698516845704,14
w32d5,96,2.135546922683716,13
w32d5,97,0.0056037902832031,13
w32d5,97,0.0109288692474365,12
w32d5,97,0.0508339405059814,11
w32d5,98,0.0064470767974853,15
w32d5,98,0.1027741432189941,14
w32d5,98,3.240852117538452,13
w32d5,99,0.0084030628204345,20
w32d5,99,0.0474419593811035,19
w32d5,99,0.0794949531555175,18
w32d5,99,0.6160621643066406,17
w32d5,99,7.990013122558594,16
w32d10,0,0.0112740993499755,15
w32d10,1,0.0092992782592773,15
w32d10,1,0.0989651679992675,14
w32d10,1,1.6908011436462402,13
w32d10,2,0.0111806392669677,17
w32d10,2,0.0246379375457763,16
w32d10,2,0.037839651107788,15
w32d10,2,0.1786518096923828,14
w32d10,2,1.023411750793457,13
w32d10,2,27.877330780029297,12
w32d10,3,0.0105071067810058,15
w32d10,3,5.245037078857422,14
w32d10,4,0.0083818435668945,14
w32d10,4,0.7152090072631836,13
w32d10,5,0.009218692779541,15
w32d10,5,0.2363178730010986,13
w32d10,6,0.0224933624267578,17
w32d10,6,0.0426182746887207,16
w32d10,6,0.635498046875,15
w32d10,6,8.633219242095947,14
w32d10,7,0.0120902061462402,19
w32d10,7,0.0227320194244384,18
w32d10,7,0.0601980686187744,15
w32d10,7,2.1201701164245605,14
w32d10,8,0.0158870220184326,14
w32d10,9,0.0164132118225097,15
w32d10,9,0.0301010608673095,14
w32d10,9,0.2619500160217285,13
w32d10,9,1.155527114868164,12
w32d10,10,0.0367259979248046,21
w32d10,10,0.0694043636322021,19
w32d10,10,0.2929682731628418,17
w32d10,10,6.050000190734863,16
w32d10,10,20.46772313117981,15
w32d10,11,0.0179860591888427,13
w32d10,11,0.1541919708251953,12
w32d10,11,3.0123488903045654,11
w32d10,12,0.0199747085571289,16
w32d10,12,0.7891819477081299,15
w32d10,12,5.302117824554443,14
w32d10,13,0.013247013092041,20
w32d10,13,0.0243730545043945,18
w32d10,13,0.4104070663452148,17
w32d10,13,3.9363880157470703,16
w32d10,14,0.0131220817565917,20
w32d10,14,0.0249550342559814,19
w32d10,14,0.0473020076751709,18
w32d10,14,0.5388648509979248,17
w32d10,14,1.7223119735717771,16
w32d10,14,6.188451766967773,15
w32d10,15,0.0079853534698486,12
w32d10,15,2.7321412563323975,11
w32d10,16,0.0088670253753662,14
w32d10,16,0.1827220916748047,13
w32d10,16,0.7598781585693359,12
w32d10,17,0.0102920532226562,16
w32d10,17,0.0828759670257568,15
w32d10,17,0.6920671463012695,14
w32d10,18,0.0106010437011718,16
w32d10,18,0.0304079055786132,15
w32d10,18,0.0489771366119384,13
w32d10,18,3.236934185028076,12
w32d10,19,0.0131828784942626,20
w32d10,19,0.0246858596801757,19
w32d10,19,0.1466419696807861,18
w32d10,19,0.3408248424530029,17
w32d10,19,1.7360098361968994,16
w32d10,19,13.421366691589355,15
w32d10,20,0.0104050636291503,16
w32d10,20,0.0400080680847168,14
w32d10,20,23.235902070999146,13
w32d10,21,0.0140447616577148,18
w32d10,21,0.0278398990631103,16
w32d10,21,0.0489168167114257,14
w32d10,21,0.2372028827667236,13
w32d10,22,0.0129728317260742,17
w32d10,22,0.1277101039886474,15
w32d10,22,0.2364759445190429,14
w32d10,22,7.316877126693726,13
w32d10,23,0.012341022491455,17
w32d10,23,0.0229909420013427,16
w32d10,23,0.0336568355560302,15
w32d10,23,1.042328119277954,14
w32d10,24,0.0163750648498535,16
w32d10,24,0.1706049442291259,15
w32d10,24,1.3432791233062744,14
w32d10,25,0.0159618854522705,19
w32d10,25,0.0597879886627197,17
w32d10,25,0.0833930969238281,16
w32d10,25,1.8567330837249756,15
w32d10,26,0.0153110027313232,18
w32d10,26,0.0605220794677734,17
w32d10,26,0.5008120536804199,16
w32d10,26,2.797837018966675,15
w32d10,27,0.013838768005371,18
w32d10,27,0.027707815170288,16
w32d10,27,0.1110618114471435,15
w32d10,27,0.3351459503173828,14
w32d10,28,0.0134749412536621,21
w32d10,28,0.0252096652984619,19
w32d10,28,0.0368318557739257,18
w32d10,28,0.0477328300476074,16
w32d10,28,0.20635986328125,15
w32d10,28,2.4814939498901367,14
w32d10,29,0.0126268863677978,15
w32d10,29,0.9259767532348632,14
w32d10,30,0.014050006866455,14
w32d10,30,0.0250391960144042,12
w32d10,30,0.2682521343231201,11
w32d10,30,0.5798599720001221,10
w32d10,31,0.0115096569061279,16
w32d10,31,0.0201938152313232,14
w32d10,31,0.525230884552002,13
w32d10,32,0.0177171230316162,19
w32d10,32,0.3202199935913086,18
w32d10,32,0.9197177886962892,17
w32d10,32,34.26029109954834,16
w32d10,33,0.012164831161499,15
w32d10,33,0.7932391166687012,14
w32d10,34,0.0132930278778076,20
w32d10,34,0.0844359397888183,19
w32d10,34,0.1317420005798339,18
w32d10,34,0.1924459934234619,17
w32d10,35,0.0232748985290527,18
w32d10,35,0.1081891059875488,16
w32d10,35,0.4448170661926269,15
w32d10,35,15.12649416923523,14
w32d10,36,0.0143036842346191,18
w32d10,36,0.0450527667999267,17
w32d10,36,0.0737867355346679,16
w32d10,36,0.1148726940155029,15
w32d10,36,0.5953385829925537,14
w32d10,37,0.0190322399139404,21
w32d10,37,0.0356712341308593,20
w32d10,37,0.0990052223205566,19
w32d10,37,0.3070552349090576,18
w32d10,37,3.7032949924468994,17
w32d10,37,19.019219398498535,16
w32d10,38,0.0105841159820556,15
w32d10,38,0.0731110572814941,14
w32d10,38,0.1021671295166015,13
w32d10,38,0.7190849781036377,12
w32d10,39,0.0192079544067382,17
w32d10,39,0.0485420227050781,16
w32d10,39,0.1035661697387695,15
w32d10,39,0.2966170310974121,13
w32d10,39,1.5908069610595703,12
w32d10,40,0.0120339393615722,19
w32d10,40,0.0230791568756103,18
w32d10,40,0.0587420463562011,17
w32d10,40,0.0799050331115722,16
w32d10,40,0.5709841251373291,15
w32d10,40,2.3218491077423096,14
w32d10,41,0.0120909214019775,15
w32d10,41,0.0577459335327148,14
w32d10,41,0.0683379173278808,13
w32d10,41,0.1994111537933349,12
w32d10,41,2.172344207763672,11
w32d10,42,0.0190799236297607,16
w32d10,42,0.04132080078125,15
w32d10,42,0.0502340793609619,14
w32d10,42,0.0612459182739257,13
w32d10,42,0.938652753829956,12
w32d10,43,0.01643967628479,17
w32d10,43,0.0302636623382568,16
w32d10,43,0.1238090991973877,15
w32d10,43,0.5727858543395996,14
w32d10,43,41.84429907798767,13
w32d10,44,0.0123217105865478,14
w32d10,44,3.8091766834259033,13
w32d10,45,0.0129358768463134,16
w32d10,45,0.0617058277130126,15
w32d10,45,1.8889200687408447,14
w32d10,46,0.0109078884124755,15
w32d10,46,0.2653329372406006,14
w32d10,46,2.1678760051727295,13
w32d10,47,0.0141167640686035,19
w32d10,47,0.0282468795776367,18
w32d10,47,0.3158237934112549,17
w32d10,47,0.5289206504821777,16
w32d10,47,4.2071027755737305,15
w32d10,48,0.0117788314819335,16
w32d10,48,0.0850927829742431,15
w32d10,48,2.6370348930358887,14
w32d10,49,0.0127692222595214,16
w32d10,49,0.2019000053405761,15
w32d10,49,0.7887439727783203,14
w32d10,49,1.2005600929260254,13
w32d10,49,16.463707208633423,12
w32d10,50,0.0164799690246582,17
w32d10,50,0.0775022506713867,16
w32d10,50,0.1700670719146728,15
w32d10,50,0.8216390609741211,14
w32d10,50,24.62135601043701,13
w32d10,51,0.0112402439117431,16
w32d10,51,13.562243223190308,15
w32d10,52,0.0127890110015869,18
w32d10,52,0.0218989849090576,15
w32d10,52,0.308467149734497,14
w32d10,52,0.9336528778076172,13
w32d10,53,0.0169911384582519,17
w32d10,53,0.0314970016479492,16
w32d10,53,0.4407470226287842,15
w32d10,53,8.430448293685913,14
w32d10,54,0.0140368938446044,20
w32d10,54,0.0249679088592529,17
w32d10,54,4.840667963027954,16
w32d10,55,0.0152819156646728,19
w32d10,55,0.1826350688934326,18
w32d10,55,0.3025829792022705,17
w32d10,55,1.886687994003296,16
w32d10,55,31.13258695602417,15
w32d10,56,0.0170238018035888,20
w32d10,56,0.0787019729614257,19
w32d10,56,0.1927230358123779,18
w32d10,56,2.484241008758545,16
w32d10,57,0.016730785369873,18
w32d10,57,0.6487569808959961,17
w32d10,57,1.0390868186950684,16
w32d10,58,0.0112147331237792,15
w32d10,58,0.0570240020751953,14
w32d10,58,0.3298878669738769,13
w32d10,59,0.0123178958892822,17
w32d10,59,0.0919599533081054,16
w32d10,59,0.103395938873291,15
w32d10,59,0.5199730396270752,14
w32d10,59,3.869837045669556,13
w32d10,60,0.0128099918365478,16
w32d10,60,0.0626051425933837,15
w32d10,60,0.0863518714904785,14
w32d10,60,0.2485809326171875,13
w32d10,61,0.0174458026885986,18
w32d10,61,0.2666120529174804,17
w32d10,61,2.908982038497925,16
w32d10,62,0.0143430233001708,17
w32d10,62,0.0255699157714843,16
w32d10,62,0.0747628211975097,14
w32d10,62,2.3421847820281982,13
w32d10,63,0.0137090682983398,18
w32d10,63,0.0408797264099121,17
w32d10,63,0.1098580360412597,15
w32d10,63,0.5641019344329834,14
w32d10,64,0.0153241157531738,18
w32d10,64,0.7044761180877686,17
w32d10,64,3.539116144180298,16
w32d10,65,0.0169270038604736,20
w32d10,65,0.0307228565216064,19
w32d10,65,0.0751469135284423,17
w32d10,65,0.1897737979888916,16
w32d10,65,13.147145986557009,15
w32d10,66,0.011056900024414,14
w32d10,66,0.0674567222595214,13
w32d10,66,1.9464359283447263,12
w32d10,67,0.0141899585723876,16
w32d10,67,0.091893196105957,15
w32d10,67,1.9687111377716064,14
w32d10,68,0.0112392902374267,12
w32d10,69,0.0125439167022705,16
w32d10,69,0.0243980884552001,15
w32d10,69,0.3068180084228515,14
w32d10,69,5.018074989318848,13
w32d10,70,0.0124149322509765,16
w32d10,70,1.3629858493804932,15
w32d10,71,0.015665054321289,21
w32d10,71,0.0302960872650146,20
w32d10,71,0.0425429344177246,17
w32d10,71,1.122028112411499,16
w32d10,71,5.515474081039429,15
w32d10,71,37.67128109931946,14
w32d10,72,0.0149199962615966,19
w32d10,72,0.0293760299682617,18
w32d10,72,0.259749174118042,17
w32d10,72,0.8141028881072998,16
w32d10,73,0.0159211158752441,17
w32d10,73,0.055837869644165,16
w32d10,73,0.104172945022583,15
w32d10,73,0.1915960311889648,14
w32d10,74,0.0151951313018798,19
w32d10,74,0.0864391326904296,18
w32d10,74,0.898813009262085,17
w32d10,74,9.351228952407835,16
w32d10,75,0.0111989974975585,15
w32d10,75,0.503209114074707,14
w32d10,75,4.743263006210327,13
w32d10,76,0.0169551372528076,19
w32d10,76,0.0439140796661376,17
w32d10,76,0.0968620777130127,16
w32d10,76,2.173830032348633,15
w32d10,76,14.07664704322815,14
w32d10,77,0.0125648975372314,16
w32d10,77,0.0868279933929443,15
w32d10,77,0.8042051792144775,14
w32d10,78,0.0116698741912841,18
w32d10,78,0.0208630561828613,16
w32d10,78,0.1566088199615478,15
w32d10,78,0.2200820446014404,14
w32d10,78,56.88555693626404,13
w32d10,79,0.0091660022735595,15
w32d10,79,0.1384260654449463,14
w32d10,79,0.6555690765380859,13
w32d10,80,0.0091998577117919,15
w32d10,80,0.0172920227050781,14
w32d10,80,0.2775948047637939,13
w32d10,81,0.0096330642700195,15
w32d10,81,0.8166449069976807,14
w32d10,81,13.680133819580078,13
w32d10,82,0.0087652206420898,14
w32d10,82,14.216978311538696,13
w32d10,83,0.0108287334442138,18
w32d10,83,0.0325348377227783,17
w32d10,83,0.0779728889465332,16
w32d10,83,0.5757029056549072,15
w32d10,84,0.0116729736328125,18
w32d10,84,0.0206339359283447,16
w32d10,84,0.0290100574493408,15
w32d10,84,1.004605770111084,14
w32d10,85,0.0095937252044677,14
w32d10,85,0.2052106857299804,13
w32d10,86,0.0111229419708251,17
w32d10,86,0.0197119712829589,15
w32d10,86,0.3189730644226074,14
w32d10,86,5.090790033340454,13
w32d10,87,0.0117638111114501,18
w32d10,87,0.0214898586273193,17
w32d10,87,4.873572826385498,16
w32d10,88,0.0111429691314697,18
w32d10,88,0.0206227302551269,16
w32d10,88,1.5940327644348145,15
w32d10,88,11.281893968582152,14
w32d10,89,0.0091779232025146,15
w32d10,89,0.0648958683013916,14
w32d10,89,0.1353089809417724,13
w32d10,89,2.066854953765869,12
w32d10,90,0.010740041732788,18
w32d10,90,0.0308649539947509,17
w32d10,90,0.4201791286468506,16
w32d10,90,0.6715242862701416,15
w32d10,91,0.0099670886993408,16
w32d10,92,0.0094380378723144,15
w32d10,92,0.2432780265808105,14
w32d10,92,1.771453857421875,13
w32d10,93,0.0110731124877929,18
w32d10,93,0.0315668582916259,17
w32d10,93,0.1045038700103759,16
w32d10,93,0.9200849533081056,15
w32d10,93,2.7270798683166504,14
w32d10,94,0.0096359252929687,15
w32d10,94,3.165886163711548,14
w32d10,95,0.0095548629760742,14
w32d10,95,0.2119548320770263,13
w32d10,95,32.15423893928528,12
w32d10,96,0.0112690925598144,17
w32d10,96,0.1395399570465088,16
w32d10,96,0.2132892608642578,15
w32d10,96,0.5461142063140869,14
w32d10,96,2.1701412200927734,13
w32d10,97,0.0072169303894042,11
w32d10,98,0.0103299617767333,17
w32d10,98,0.041867971420288,16
w32d10,98,0.1310899257659912,15
w32d10,98,0.2138309478759765,14
w32d10,98,2.899127960205078,13
w32d10,99,0.0171179771423339,20
w32d10,99,0.0723199844360351,19
w32d10,99,0.1082570552825927,18
w32d10,99,0.2991769313812256,17
w32d10,99,0.3882598876953125,16
w64d5,0,0.0122060775756835,19
w64d5,0,0.021860122680664,18
w64d5,0,0.040679931640625,17
w64d5,0,0.0482480525970459,16
w64d5,0,0.1304719448089599,15
w64d5,1,0.0074429512023925,18
w64d5,1,0.012934923171997,14
w64d5,1,0.4888920783996582,13
w64d5,2,0.0132248401641845,19
w64d5,2,0.0251986980438232,17
w64d5,2,0.0329267978668212,16
w64d5,2,0.0710499286651611,15
w64d5,2,0.3426728248596191,14
w64d5,2,24.593326091766357,12
w64d5,3,0.0140039920806884,16
w64d5,3,0.3342080116271972,15
w64d5,3,11.711144924163818,14
w64d5,4,0.0081241130828857,16
w64d5,4,0.0147690773010253,15
w64d5,4,0.0234291553497314,14
w64d5,4,0.2189779281616211,13
w64d5,5,0.0101561546325683,18
w64d5,5,0.0182869434356689,16
w64d5,5,0.0252051353454589,15
w64d5,5,0.2323369979858398,13
w64d5,6,0.0139391422271728,18
w64d5,6,0.0281059741973876,17
w64d5,6,0.0515851974487304,16
w64d5,6,0.068033218383789,15
w64d5,6,15.03166389465332,14
w64d5,7,0.0106902122497558,19
w64d5,7,0.0188021659851074,18
w64d5,7,0.127054214477539,17
w64d5,7,0.1704959869384765,15
w64d5,7,9.17559814453125,14
w64d5,8,0.017611026763916,14
w64d5,9,0.0173571109771728,14
w64d5,9,0.0910630226135253,13
w64d5,9,1.4301462173461914,12
w64d5,10,0.0168061256408691,18
w64d5,10,0.5146942138671875,17
w64d5,10,8.576327323913574,16
w64d5,11,0.0172479152679443,15
w64d5,11,0.1069917678833007,12
w64d5,11,14.248589754104614,11
w64d5,12,0.0232288837432861,18
w64d5,12,0.1148569583892822,17
w64d5,12,0.4593842029571533,16
w64d5,12,0.9028689861297609,15
w64d5,12,6.718662977218628,14
w64d5,13,0.0108170509338378,20
w64d5,13,0.019805908203125,19
w64d5,13,0.1214869022369384,17
w64d5,13,1.1185801029205322,16
w64d5,14,0.0119049549102783,18
w64d5,14,0.1809029579162597,16
w64d5,14,1.397573947906494,15
w64d5,15,0.0094079971313476,15
w64d5,15,0.0485501289367675,14
w64d5,15,0.0898702144622802,13
w64d5,15,0.4128949642181396,12
w64d5,15,13.141212224960327,11
w64d5,16,0.0071420669555664,14
w64d5,16,0.3371353149414062,13
w64d5,16,1.5590112209320068,12
w64d5,17,0.0079779624938964,16
w64d5,17,0.0403199195861816,15
w64d5,17,1.8044416904449463,14
w64d5,18,0.007235050201416,14
w64d5,18,0.1657919883728027,13
w64d5,18,5.582931756973267,12
w64d5,19,0.013232946395874,21
w64d5,19,0.0223519802093505,19
w64d5,19,0.0740458965301513,17
w64d5,19,0.1749837398529052,16
w64d5,19,4.278826951980591,15
w64d5,20,0.010632038116455,17
w64d5,20,0.0438940525054931,16
w64d5,20,0.115617036819458,15
w64d5,20,0.8770079612731934,14
w64d5,20,30.44071388244629,13
w64d5,21,0.0133650302886962,16
w64d5,21,0.0229167938232421,15
w64d5,21,0.1258230209350586,14
w64d5,21,0.3025898933410644,13
w64d5,22,0.0088989734649658,15
w64d5,22,0.4488611221313476,14
w64d5,22,2.063082218170166,13
w64d5,23,0.01292085647583,18
w64d5,23,0.022799015045166,15
w64d5,23,1.0159509181976318,14
w64d5,24,0.0114178657531738,16
w64d5,24,1.1193091869354248,15
w64d5,24,2.735128164291382,14
w64d5,25,0.0117483139038085,18
w64d5,25,0.0316002368927001,17
w64d5,25,0.0609011650085449,16
w64d5,25,4.117383241653442,15
w64d5,25,37.17739129066467,14
w64d5,26,0.0527310371398925,19
w64d5,26,0.1694939136505127,18
w64d5,26,0.2212541103363037,17
w64d5,26,0.758476972579956,16
w64d5,26,14.357166051864624,15
w64d5,26,18.616846084594727,14
w64d5,27,0.0103521347045898,15
w64d5,27,1.036290168762207,14
w64d5,28,0.0088391304016113,16
w64d5,28,0.1052861213684082,15
w64d5,28,0.8177170753479004,14
w64d5,29,0.008641242980957,15
w64d5,29,0.2989058494567871,14
w64d5,29,28.596182107925415,13
w64d5,30,0.0077581405639648,12
w64d5,30,0.0971331596374511,10
w64d5,31,0.0124289989471435,17
w64d5,31,0.022825002670288,16
w64d5,31,0.0832009315490722,15
w64d5,31,0.2613611221313476,14
w64d5,31,1.148711919784546,13
w64d5,32,0.0113368034362792,22
w64d5,32,0.022364854812622,21
w64d5,32,0.0416829586029052,18
w64d5,32,0.3363480567932129,17
w64d5,33,0.0087659358978271,17
w64d5,33,0.0162339210510253,16
w64d5,33,0.0938978195190429,15
w64d5,33,2.665119886398315,14
w64d5,34,0.0111961364746093,18
w64d5,34,0.2203052043914795,17
w64d5,35,0.0158538818359375,17
w64d5,35,0.3903000354766845,16
w64d5,35,0.403480052947998,15
w64d5,35,17.402837991714478,14
w64d5,36,0.0130331516265869,17
w64d5,36,0.0348720550537109,16
w64d5,36,0.0716850757598877,15
w64d5,36,3.293130159378052,14
w64d5,37,0.0165441036224365,21
w64d5,37,0.0762751102447509,20
w64d5,37,0.2213890552520752,19
w64d5,37,0.2324690818786621,18
w64d5,37,0.5026950836181641,17
w64d5,38,0.010117769241333,18
w64d5,38,0.0179319381713867,13
w64d5,38,0.414907693862915,12
w64d5,39,0.0114088058471679,16
w64d5,39,0.0583829879760742,15
w64d5,39,0.2523829936981201,13
w64d5,39,1.4447879791259766,12
w64d5,40,0.0088880062103271,18
w64d5,40,0.0784010887145996,16
w64d5,40,0.3329451084136963,15
w64d5,40,2.807323217391968,14
w64d5,41,0.0089097023010253,14
w64d5,41,0.1094648838043212,13
w64d5,41,0.4750127792358398,12
w64d5,41,4.077502965927124,11
w64d5,42,0.0137500762939453,17
w64d5,42,0.0281431674957275,16
w64d5,42,0.0849020481109619,15
w64d5,42,0.0938029289245605,14
w64d5,42,0.1389329433441162,13
w64d5,42,0.5736000537872314,12
w64d5,43,0.0142319202423095,18
w64d5,43,0.0235908031463623,17
w64d5,43,0.0535728931427001,16
w64d5,43,0.0699748992919921,15
w64d5,43,0.2140500545501709,14
w64d5,43,32.87296986579895,13
w64d5,44,0.0120398998260498,18
w64d5,44,0.021456241607666,14
w64d5,44,0.9868919849395752,13
w64d5,45,0.0130760669708251,18
w64d5,45,0.0557990074157714,17
w64d5,45,0.1919031143188476,16
w64d5,45,0.200340986251831,15
w64d5,45,20.35893702507019,14
w64d5,46,0.0124452114105224,17
w64d5,46,0.0378344058990478,16
w64d5,46,0.0600550174713134,15
w64d5,46,0.4848041534423828,14
w64d5,46,5.637519121170044,13
w64d5,47,0.0122880935668945,18
w64d5,47,0.1621429920196533,17
w64d5,47,2.2370781898498535,16
w64d5,47,7.831104040145874,15
w64d5,47,27.72768497467041,14
w64d5,48,0.0097620487213134,17
w64d5,48,0.0183911323547363,16
w64d5,48,0.1268339157104492,15
w64d5,48,1.0101032257080078,14
w64d5,49,0.0112130641937255,16
w64d5,49,0.0549290180206298,15
w64d5,49,0.3115379810333252,14
w64d5,49,2.0862929821014404,13
w64d5,49,16.05111598968506,12
w64d5,50,0.0114650726318359,17
w64d5,50,0.0407550334930419,14
w64d5,51,0.0125041007995605,18
w64d5,51,0.0444772243499755,16
w64d5,51,1.1640923023223877,15
w64d5,52,0.0085120201110839,15
w64d5,52,0.0534958839416503,13
w64d5,53,0.0095889568328857,18
w64d5,53,0.0171701908111572,16
w64d5,53,4.123601198196411,15
w64d5,53,7.71628999710083,14
w64d5,54,0.0119049549102783,20
w64d5,54,0.0228209495544433,19
w64d5,54,0.0932159423828125,18
w64d5,54,0.81961989402771,17
w64d5,54,1.3454270362854004,16
w64d5,55,0.0134868621826171,20
w64d5,55,0.0259358882904052,19
w64d5,55,0.2624399662017822,18
w64d5,55,0.8336849212646484,17
w64d5,55,11.507048845291138,16
w64d5,56,0.0144250392913818,22
w64d5,56,0.0400760173797607,21
w64d5,56,0.0674622058868408,20
w64d5,56,0.1121060848236084,19
w64d5,56,0.3483591079711914,18
w64d5,56,1.511216163635254,17
w64d5,56,34.69068503379822,16
w64d5,57,0.0113039016723632,19
w64d5,57,0.0846421718597412,18
w64d5,57,0.095203161239624,17
w64d5,57,7.314723253250122,16
w64d5,58,0.0104918479919433,18
w64d5,58,0.0189650058746337,16
w64d5,58,0.02870774269104,15
w64d5,58,0.103076696395874,14
w64d5,58,1.606245756149292,13
w64d5,59,0.0115208625793457,15
w64d5,59,0.96813702583313,13
w64d5,60,0.0120441913604736,17
w64d5,60,0.0212061405181884,16
w64d5,60,0.0629560947418212,15
w64d5,60,0.7186951637268066,14
w64d5,60,3.762202262878418,13
w64d5,61,0.0147590637207031,20
w64d5,61,0.0264668464660644,17
w64d5,61,7.77475905418396,16
w64d5,62,0.0134599208831787,18
w64d5,62,0.0238058567047119,16
w64d5,62,0.0321919918060302,15
w64d5,62,0.2063958644866943,14
w64d5,62,7.4753499031066895,13
w64d5,63,0.0129239559173583,20
w64d5,63,0.0237691402435302,18
w64d5,63,0.0335018634796142,17
w64d5,63,0.2677178382873535,16
w64d5,63,0.521003007888794,15
w64d5,63,1.3311569690704346,14
w64d5,64,0.0139400959014892,20
w64d5,64,0.0364701747894287,19
w64d5,64,0.0609059333801269,18
w64d5,64,0.3109979629516601,16
w64d5,65,0.0123908519744873,20
w64d5,65,0.0660698413848877,17
w64d5,65,0.3137819766998291,16
w64d5,65,24.35250568389893,15
w64d5,66,0.0104031562805175,16
w64d5,66,0.0186991691589355,15
w64d5,66,0.0564050674438476,13
w64d5,66,6.264503002166748,12
w64d5,67,0.0111701488494873,19
w64d5,67,0.0200293064117431,17
w64d5,67,0.0745472908020019,16
w64d5,67,0.0825510025024414,15
w64d5,67,0.5682501792907715,14
w64d5,68,0.0126059055328369,19
w64d5,68,0.0319018363952636,15
w64d5,68,0.3708021640777588,14
w64d5,68,2.236877918243408,13
w64d5,68,3.0092620849609375,12
w64d5,69,0.0104000568389892,15
w64d5,69,0.1283090114593505,14
w64d5,69,4.790766954421997,13
w64d5,70,0.0108039379119873,19
w64d5,70,0.0366051197052001,18
w64d5,70,0.1361970901489257,17
w64d5,70,0.436345100402832,16
w64d5,70,2.1285459995269775,15
w64d5,70,17.131592750549316,14
w64d5,71,0.0129039287567138,19
w64d5,71,0.0335979461669921,17
w64d5,71,0.3290979862213135,16
w64d5,71,0.4751529693603515,15
w64d5,72,0.0148859024047851,20
w64d5,72,0.0258758068084716,19
w64d5,72,0.0481879711151123,18
w64d5,72,0.1439130306243896,17
w64d5,72,0.6206369400024414,16
w64d5,73,0.0100119113922119,17
w64d5,73,0.0501930713653564,16
w64d5,73,0.1430561542510986,15
w64d5,73,10.304976224899292,14
w64d5,74,0.0116522312164306,18
w64d5,74,0.0234980583190917,17
w64d5,74,5.78528904914856,16
w64d5,75,0.0094857215881347,17
w64d5,75,0.0293776988983154,16
w64d5,75,0.0684947967529296,15
w64d5,75,0.1279878616333007,14
w64d5,75,24.738781929016113,13
w64d5,76,0.0122110843658447,21
w64d5,76,0.0235693454742431,19
w64d5,76,0.0574679374694824,18
w64d5,76,0.1572842597961425,16
w64d5,76,2.7000892162323,15
w64d5,76,22.356847286224365,14
w64d5,77,0.010632038116455,17
w64d5,77,0.063662052154541,16
w64d5,77,0.0910148620605468,15
w64d5,77,0.2455029487609863,14
w64d5,78,0.0096650123596191,17
w64d5,78,0.1333639621734619,16
w64d5,78,0.4196760654449463,15
w64d5,78,2.293178081512451,14
w64d5,79,0.0095019340515136,20
w64d5,79,0.0179588794708251,19
w64d5,79,0.0258319377899169,17
w64d5,79,0.0487167835235595,16
w64d5,79,0.1063728332519531,15
w64d5,79,0.1966798305511474,14
w64d5,79,0.4404716491699219,13
w64d5,80,0.0080571174621582,17
w64d5,80,0.0145802497863769,15
w64d5,80,0.0838501453399658,14
w64d5,80,0.3675260543823242,13
w64d5,81,0.0103769302368164,18
w64d5,81,0.069638967514038,17
w64d5,81,0.0869462490081787,15
w64d5,81,0.5358788967132568,14
w64d5,81,6.173458099365234,13
w64d5,82,0.0080840587615966,16
w64d5,82,0.0362520217895507,15
w64d5,82,0.0693950653076171,14
w64d5,82,3.026092052459717,13
w64d5,83,0.0096039772033691,17
w64d5,83,0.0667569637298584,16
w64d5,83,3.583540916442871,15
w64d5,84,0.009253978729248,18
w64d5,84,0.0367779731750488,16
w64d5,84,0.2150640487670898,15
w64d5,84,0.6251349449157715,14
w64d5,85,0.0083262920379638,16
w64d5,85,0.0380082130432128,15
w64d5,85,0.1176702976226806,14
w64d5,85,0.123387336730957,13
w64d5,86,0.0108850002288818,17
w64d5,86,0.1428358554840088,16
w64d5,86,0.1630530357360839,15
w64d5,86,0.8836259841918945,14
w64d5,86,2.817317008972168,13
w64d5,87,0.0108790397644042,19
w64d5,87,0.2163581848144531,18
w64d5,87,5.034185171127319,17
w64d5,87,16.53854203224182,16
w64d5,88,0.0100800991058349,18
w64d5,88,0.0268311500549316,17
w64d5,88,0.0664691925048828,16
w64d5,88,0.801185131072998,15
w64d5,88,51.38175320625305,14
w64d5,89,0.0069320201873779,14
w64d5,89,0.0563671588897705,13
w64d5,89,3.953643083572388,12
w64d5,90,0.0089297294616699,16
w64d5,90,0.7085156440734863,15
w64d5,91,0.0105543136596679,20
w64d5,91,0.0300700664520263,19
w64d5,91,0.0908870697021484,18
w64d5,91,0.2473361492156982,16
w64d5,92,0.0097060203552246,16
w64d5,92,0.0617878437042236,15
w64d5,92,0.2670850753784179,14
w64d5,92,2.806344985961914,13
w64d5,92,12.548073053359984,12
w64d5,93,0.0172162055969238,18
w64d5,93,0.1207709312438964,16
w64d5,93,1.5674140453338623,15
w64d5,93,2.16854476928711,14
w64d5,94,0.0085861682891845,16
w64d5,94,0.2523510456085205,15
w64d5,94,1.8358211517333984,14
w64d5,95,0.0123758316040039,20
w64d5,95,0.020378828048706,14
w64d5,95,0.1079838275909423,13
w64d5,96,0.0096428394317626,18
w64d5,96,0.0254578590393066,16
w64d5,96,0.1562938690185547,15
w64d5,96,0.1900207996368408,14
w64d5,96,1.2052857875823977,13
w64d5,97,0.0099449157714843,13
w64d5,97,0.0247197151184082,12
w64d5,97,0.0987770557403564,11
w64d5,98,0.0089218616485595,18
w64d5,98,0.0162529945373535,17
w64d5,98,0.0320498943328857,16
w64d5,98,0.1786608695983886,15
w64d5,98,0.4219310283660888,14
w64d5,98,2.3695428371429443,13
w64d5,99,0.0093622207641601,19
w64d5,99,0.063251256942749,17
w64d5,99,10.85182523727417,16
w64d10,0,0.0145442485809326,18
w64d10,0,0.0285639762878417,17
w64d10,0,0.0711841583251953,16
w64d10,0,0.2013881206512451,15
w64d10,1,0.0102012157440185,14
w64d10,1,0.9081380367279052,13
w64d10,2,0.0194842815399169,16
w64d10,2,0.1261403560638427,15
w64d10,2,0.4439201354980469,14
w64d10,3,0.0120689868927001,15
w64d10,3,2.2227559089660645,14
w64d10,4,0.0115399360656738,14
w64d10,4,0.5021891593933105,13
w64d10,5,0.01163911819458,14
w64d10,5,0.1844298839569091,13
w64d10,6,0.0158910751342773,17
w64d10,6,0.0447430610656738,16
w64d10,6,0.2328341007232666,15
w64d10,6,3.9670300483703618,14
w64d10,7,0.0145339965820312,16
w64d10,7,0.401108980178833,15
w64d10,7,3.052722930908203,14
w64d10,8,0.0292351245880126,16
w64d10,8,0.0593361854553222,15
w64d10,8,0.2375669479370117,14
w64d10,9,0.0348563194274902,14
w64d10,9,0.1966090202331543,13
w64d10,9,2.672243356704712,12
w64d10,10,0.0398569107055664,21
w64d10,10,0.0874040126800537,19
w64d10,10,0.2058207988739013,17
w64d10,10,2.9868826866149902,16
w64d10,10,27.8259699344635,15
w64d10,11,0.0195691585540771,13
w64d10,11,0.8027100563049316,12
w64d10,11,1.473858118057251,11
w64d10,12,0.0242800712585449,16
w64d10,12,0.0685019493103027,15
w64d10,12,7.1675310134887695,14
w64d10,13,0.0173060894012451,19
w64d10,13,0.1689982414245605,18
w64d10,13,1.229442119598389,17
w64d10,13,7.55073618888855,16
w64d10,14,0.0150210857391357,17
w64d10,14,0.692418098449707,16
w64d10,14,5.910650968551636,15
w64d10,15,0.0126688480377197,15
w64d10,15,0.0230147838592529,13
w64d10,15,0.1631178855895996,12
w64d10,15,1.7423198223114014,11
w64d10,16,0.0134899616241455,14
w64d10,16,0.0713038444519043,13
w64d10,16,0.4086349010467529,12
w64d10,17,0.0132122039794921,14
w64d10,18,0.0159127712249755,17
w64d10,18,0.0379061698913574,16
w64d10,18,0.0601298809051513,14
w64d10,18,0.7008638381958008,13
w64d10,18,9.356239080429075,12
w64d10,19,0.0214231014251709,21
w64d10,19,0.0372629165649414,20
w64d10,19,0.0545058250427246,19
w64d10,19,0.1568689346313476,18
w64d10,19,1.103355884552002,17
w64d10,19,3.3235878944396973,16
w64d10,19,32.272249937057495,15
w64d10,20,0.0142769813537597,16
w64d10,20,0.0816349983215332,15
w64d10,20,0.2199299335479736,14
w64d10,20,10.739768981933594,13
w64d10,21,0.0167648792266845,17
w64d10,21,0.0286340713500976,15
w64d10,21,0.0554850101470947,14
w64d10,21,1.1296179294586182,13
w64d10,22,0.0137040615081787,15
w64d10,22,0.2067389488220214,14
w64d10,22,4.5158727169036865,13
w64d10,23,0.0132510662078857,15
w64d10,23,0.9234669208526612,14
w64d10,24,0.0162639617919921,16
w64d10,24,0.1769828796386718,15
w64d10,24,0.4147038459777832,14
w64d10,25,0.0139861106872558,16
w64d10,25,4.468780040740967,15
w64d10,25,54.516489028930664,14
w64d10,26,0.0225019454956054,18
w64d10,26,0.0605919361114501,17
w64d10,26,1.118923902511597,16
w64d10,26,6.482104778289795,15
w64d10,26,17.46060585975647,14
w64d10,27,0.0145821571350097,14
w64d10,28,0.0157167911529541,16
w64d10,28,0.5138528347015381,14
w64d10,29,0.014111042022705,15
w64d10,29,0.1383349895477295,14
w64d10,30,0.0144481658935546,11
w64d10,30,0.7999272346496582,10
w64d10,31,0.0143349170684814,16
w64d10,31,0.0733780860900878,15
w64d10,31,0.1069328784942627,14
w64d10,31,0.2572669982910156,13
w64d10,32,0.0195100307464599,20
w64d10,32,0.1199762821197509,17
w64d10,33,0.0152950286865234,17
w64d10,33,0.0288488864898681,16
w64d10,33,0.1420710086822509,15
w64d10,33,0.5853478908538818,14
w64d10,34,0.0180799961090087,18
w64d10,34,0.0312750339508056,17
w64d10,35,0.0206508636474609,16
w64d10,35,0.3863739967346191,15
w64d10,35,8.906448125839233,14
w64d10,36,0.0141880512237548,15
w64d10,36,2.050697326660156,14
w64d10,37,0.021414041519165,21
w64d10,37,0.0387258529663085,18
w64d10,37,2.403172016143799,17
w64d10,37,31.731698036193848,16
w64d10,38,0.0142662525177001,17
w64d10,38,0.0265781879425048,15
w64d10,38,0.0565083026885986,14
w64d10,38,0.1411640644073486,12
w64d10,39,0.0144901275634765,15
w64d10,39,0.0285050868988037,14
w64d10,39,0.0415539741516113,13
w64d10,39,3.294100046157837,12
w64d10,40,0.0130152702331542,15
w64d10,40,18.601707220077515,14
w64d10,41,0.0200791358947753,14
w64d10,41,0.0402998924255371,13
w64d10,41,0.18703293800354,12
w64d10,41,3.154726028442383,11
w64d10,42,0.0166599750518798,12
w64d10,42,43.51391887664795,11
w64d10,43,0.019637107849121,17
w64d10,43,0.0363729000091552,15
w64d10,43,0.3500087261199951,14
w64d10,43,47.001654863357544,13
w64d10,44,0.0248241424560546,16
w64d10,44,0.0456960201263427,14
w64d10,44,5.3999223709106445,13
w64d10,45,0.0184760093688964,17
w64d10,45,0.0834851264953613,16
w64d10,45,0.2779982089996338,15
w64d10,45,0.3302841186523437,14
w64d10,45,22.666675329208378,13
w64d10,46,0.014178991317749,15
w64d10,46,0.0430059432983398,14
w64d10,46,1.7080590724945068,13
w64d10,47,0.0197350978851318,17
w64d10,47,0.3873243331909179,16
w64d10,47,7.256471157073975,15
w64d10,48,0.0157110691070556,16
w64d10,48,0.0289630889892578,15
w64d10,48,0.8752000331878662,14
w64d10,48,9.778656959533691,13
w64d10,49,0.0188453197479248,15
w64d10,49,0.1422290802001953,14
w64d10,49,0.8463141918182373,13
w64d10,49,4.269076347351074,12
w64d10,50,0.0170278549194335,17
w64d10,50,0.0323967933654785,15
w64d10,50,2.0977039337158203,14
w64d10,51,0.0192470550537109,20
w64d10,51,0.0348560810089111,18
w64d10,51,0.0825109481811523,17
w64d10,51,0.4769470691680908,16
w64d10,51,1.1636192798614502,15
w64d10,52,0.0132670402526855,15
w64d10,52,0.3699929714202881,14
w64d10,52,2.3706212043762207,13
w64d10,53,0.0162737369537353,19
w64d10,53,0.0314407348632812,18
w64d10,53,0.0772268772125244,17
w64d10,53,0.3066089153289795,16
w64d10,53,0.94689679145813,14
w64d10,54,0.0155301094055175,17
w64d10,54,1.2893178462982178,16
w64d10,55,0.0176961421966552,18
w64d10,55,0.2756910324096679,17
w64d10,55,0.298748254776001,16
w64d10,56,0.0222699642181396,21
w64d10,56,0.0629169940948486,19
w64d10,56,0.351449966430664,18
w64d10,56,0.6172599792480469,17
w64d10,56,4.589594125747681,16
w64d10,56,22.961543798446655,15
w64d10,57,0.0395359992980957,20
w64d10,57,0.0861570835113525,17
w64d10,57,9.054493188858032,16
w64d10,58,0.0143342018127441,15
w64d10,58,0.027407169342041,14
w64d10,58,0.0898261070251464,13
w64d10,59,0.0170011520385742,14
w64d10,59,0.7827081680297852,13
w64d10,60,0.0170202255249023,16
w64d10,60,0.0817463397979736,14
w64d10,60,4.091196298599243,13
w64d10,61,0.0199899673461914,17
w64d10,61,3.3806631565093994,16
w64d10,62,0.0224707126617431,15
w64d10,62,0.123328685760498,13
w64d10,63,0.0185708999633789,17
w64d10,63,0.1155409812927246,16
w64d10,63,0.5372488498687744,15
w64d10,63,1.9254298210144043,14
w64d10,64,0.0189177989959716,18
w64d10,64,0.7764089107513428,17
w64d10,64,5.10909366607666,16
w64d10,65,0.0193769931793212,19
w64d10,65,0.0591869354248046,18
w64d10,65,0.2007861137390136,17
w64d10,65,1.414504051208496,16
w64d10,65,2.862326145172119,15
w64d10,66,0.0148229598999023,14
w64d10,66,0.0877728462219238,13
w64d10,66,0.3377838134765625,12
w64d10,67,0.0189359188079834,18
w64d10,67,0.0341260433197021,17
w64d10,67,0.1149759292602539,16
w64d10,67,0.2159647941589355,15
w64d10,67,2.593190908432007,14
w64d10,68,0.0181262493133544,16
w64d10,68,0.0518732070922851,15
w64d10,68,0.4395191669464111,14
w64d10,68,2.4907472133636475,13
w64d10,68,4.0429301261901855,12
w64d10,69,0.0173778533935546,18
w64d10,69,0.0326919555664062,17
w64d10,69,0.0662970542907714,16
w64d10,69,0.0799448490142822,15
w64d10,69,0.4884939193725586,14
w64d10,69,9.21068787574768,13
w64d10,70,0.0158798694610595,16
w64d10,70,0.4418509006500244,15
w64d10,71,0.0190150737762451,18
w64d10,71,0.2806601524353027,17
w64d10,71,1.3326661586761477,16
w64d10,71,10.143712043762209,15
w64d10,72,0.0261709690093994,21
w64d10,72,0.047879934310913,18
w64d10,72,0.0813348293304443,17
w64d10,72,0.225672960281372,16
w64d10,73,0.0168161392211914,15
w64d10,73,1.714292287826538,14
w64d10,74,0.0200989246368408,20
w64d10,74,0.0413329601287841,19
w64d10,74,0.1374540328979492,18
w64d10,74,0.2676999568939209,17
w64d10,74,5.721713066101074,16
w64d10,75,0.0170178413391113,17
w64d10,75,0.0491328239440918,16
w64d10,75,0.1619899272918701,15
w64d10,75,1.526412010192871,14
w64d10,75,9.397741794586182,13
w64d10,76,0.0207653045654296,18
w64d10,76,0.0544900894165039,17
w64d10,76,0.2539882659912109,16
w64d10,76,1.6684002876281738,15
w64d10,76,46.28024435043335,14
w64d10,77,0.0153982639312744,17
w64d10,77,0.0302200317382812,16
w64d10,77,0.0802502632141113,15
w64d10,77,2.60760235786438,14
w64d10,78,0.012700080871582,15
w64d10,78,8.378994941711426,14
w64d10,79,0.0126771926879882,16
w64d10,79,0.0347740650177001,14
w64d10,79,0.0934112071990966,13
w64d10,80,0.0126271247863769,16
w64d10,80,0.0352022647857666,14
w64d10,80,0.5850009918212891,13
w64d10,81,0.0134451389312744,16
w64d10,81,0.1502051353454589,14
w64d10,81,12.697772026062012,13
w64d10,82,0.0117099285125732,15
w64d10,82,0.0460398197174072,14
w64d10,82,5.34796404838562,13
w64d10,83,0.0134840011596679,17
w64d10,83,0.3584811687469482,15
w64d10,84,0.0118980407714843,15
w64d10,84,1.1944830417633057,14
w64d10,85,0.0118169784545898,15
w64d10,85,0.058690071105957,14
w64d10,85,0.6612510681152344,13
w64d10,86,0.0150411128997802,16
w64d10,86,0.2698049545288086,14
w64d10,86,4.664987087249756,13
w64d10,87,0.0169320106506347,20
w64d10,87,0.0473718643188476,19
w64d10,87,0.195707082748413,18
w64d10,87,1.428640842437744,17
w64d10,87,9.695024013519289,16
w64d10,88,0.0174429416656494,19
w64d10,88,0.0297358036041259,15
w64d10,88,5.4741737842559814,14
w64d10,89,0.0128891468048095,16
w64d10,89,0.0239763259887695,15
w64d10,89,0.1429331302642822,14
w64d10,89,0.2251231670379638,13
w64d10,89,0.5858621597290039,12
w64d10,90,0.0128941535949707,17
w64d10,90,0.1713209152221679,16
w64d10,90,1.1766550540924072,15
w64d10,91,0.0130128860473632,16
w64d10,92,0.0141339302062988,15
w64d10,92,0.167219877243042,14
w64d10,92,0.4289417266845703,13
w64d10,93,0.01314377784729,15
w64d10,93,0.156578779220581,14
w64d10,94,0.0262441635131835,18
w64d10,94,0.0684869289398193,17
w64d10,94,0.1283090114593505,15
w64d10,94,0.8529078960418701,14
w64d10,95,0.0120000839233398,15
w64d10,95,0.0231831073760986,14
w64d10,95,0.4493360519409179,13
w64d10,95,13.00708293914795,12
w64d10,96,0.0168361663818359,19
w64d10,96,0.0826358795166015,17
w64d10,96,0.0992720127105712,16
w64d10,96,0.2488319873809814,14
w64d10,96,0.6576189994812012,13
w64d10,97,0.01039719581604,13
w64d10,97,0.0296380519866943,12
w64d10,97,0.0699648857116699,11
w64d10,98,0.0153698921203613,17
w64d10,98,0.0269207954406738,15
w64d10,98,0.0393750667572021,14
w64d10,98,0.4263308048248291,13
w64d10,99,0.0147521495819091,18
w64d10,99,0.3759181499481201,17
w64d10,99,2.3040571212768555,16
1lookahead,0,0.014672040939331,17
1lookahead,0,0.436115026473999,16
1lookahead,1,0.0067720413208007,17
1lookahead,1,0.0551071166992187,16
1lookahead,1,0.2226512432098388,15
1lookahead,1,0.4209442138671875,14
1lookahead,1,0.8047630786895752,13
1lookahead,2,0.0067071914672851,20
1lookahead,2,0.0229039192199707,16
1lookahead,2,0.5926079750061035,15
1lookahead,3,0.008390188217163,20
1lookahead,3,0.0294451713562011,19
1lookahead,3,0.0686042308807373,17
1lookahead,3,0.3105621337890625,16
1lookahead,4,0.0051250457763671,14
1lookahead,5,0.0068442821502685,15
1lookahead,5,0.0713672637939453,14
1lookahead,6,0.0055959224700927,16
1lookahead,6,0.0853359699249267,15
1lookahead,7,0.0083141326904296,17
1lookahead,7,0.1524960994720459,16
1lookahead,7,1.4203462600708008,15
1lookahead,8,0.0051970481872558,18
1lookahead,8,0.0195918083190917,17
1lookahead,8,0.0241570472717285,16
1lookahead,8,0.0522139072418212,15
1lookahead,8,0.1026721000671386,14
1lookahead,9,0.0052800178527832,17
1lookahead,9,0.0151498317718505,16
1lookahead,9,0.0282959938049316,13
1lookahead,10,0.0091950893402099,22
1lookahead,10,0.024712324142456,21
1lookahead,10,0.0966720581054687,20
1lookahead,10,0.1198461055755615,19
1lookahead,10,2.0448062419891357,18
1lookahead,10,2.058439254760742,17
1lookahead,11,0.0055181980133056,15
1lookahead,11,0.0360021591186523,14
1lookahead,11,0.0457141399383544,12
1lookahead,12,0.0075969696044921,20
1lookahead,12,0.0142199993133544,19
1lookahead,12,0.0333280563354492,17
1lookahead,12,0.1382920742034912,16
1lookahead,13,0.0084478855133056,21
1lookahead,13,0.0236158370971679,20
1lookahead,13,0.098207950592041,19
1lookahead,13,0.7332649230957031,18
1lookahead,13,3.272307872772217,17
1lookahead,14,0.0101199150085449,21
1lookahead,14,0.0273241996765136,20
1lookahead,14,0.0681240558624267,19
1lookahead,14,0.2341618537902832,18
1lookahead,14,0.6991019248962402,17
1lookahead,14,2.5884809494018555,16
1lookahead,15,0.0045750141143798,14
1lookahead,15,0.0386140346527099,13
1lookahead,16,0.0071277618408203,19
1lookahead,16,0.0256838798522949,17
1lookahead,16,0.0676980018615722,15
1lookahead,16,0.1531059741973877,14
1lookahead,16,0.9163789749145508,13
1lookahead,17,0.0058650970458984,17
1lookahead,17,0.027250051498413,16
1lookahead,17,0.098417043685913,15
1lookahead,18,0.0058510303497314,18
1lookahead,18,0.0269560813903808,16
1lookahead,18,0.0655059814453125,15
1lookahead,18,0.1109640598297119,14
1lookahead,18,0.4494409561157226,13
1lookahead,19,0.009814977645874,22
1lookahead,19,0.1475210189819336,21
1lookahead,19,0.2521688938140869,19
1lookahead,19,1.7513980865478516,18
1lookahead,20,0.0058538913726806,16
1lookahead,20,0.1136877536773681,15
1lookahead,20,0.2897179126739502,14
1lookahead,21,0.0076048374176025,19
1lookahead,21,0.0263960361480712,17
1lookahead,21,0.0377488136291503,16
1lookahead,21,0.0673420429229736,15
1lookahead,21,0.0840129852294921,14
1lookahead,21,0.3373589515686035,13
1lookahead,22,0.0087161064147949,21
1lookahead,22,0.0321962833404541,20
1lookahead,22,0.0701980590820312,17
1lookahead,22,0.350222110748291,15
1lookahead,23,0.0052177906036376,18
1lookahead,23,0.0291619300842285,17
1lookahead,23,0.063321828842163,16
1lookahead,23,0.3093438148498535,15
1lookahead,24,0.0067620277404785,18
1lookahead,24,0.0129110813140869,17
1lookahead,24,0.1159322261810302,16
1lookahead,24,1.799199104309082,15
1lookahead,25,0.0058250427246093,18
1lookahead,25,0.0914931297302246,17
1lookahead,25,0.3506102561950683,16
1lookahead,26,0.0084998607635498,21
1lookahead,26,0.097646951675415,17
1lookahead,26,2.900585889816284,15
1lookahead,27,0.0093655586242675,24
1lookahead,27,0.0154879093170166,19
1lookahead,27,0.418414831161499,17
1lookahead,27,0.6397056579589844,16
1lookahead,27,0.7229917049407959,15
1lookahead,27,0.7599887847900391,14
1lookahead,28,0.0071580410003662,16
1lookahead,28,0.5577020645141602,15
1lookahead,28,1.522597074508667,14
1lookahead,29,0.0084350109100341,20
1lookahead,29,0.0228559970855712,15
1lookahead,29,0.076998233795166,14
1lookahead,30,0.0051720142364501,17
1lookahead,30,0.0229299068450927,14
1lookahead,30,0.1074118614196777,13
1lookahead,30,0.1104860305786132,12
1lookahead,30,1.3317208290100098,11
1lookahead,31,0.0061748027801513,16
1lookahead,31,0.0299417972564697,15
1lookahead,31,0.2658700942993164,14
1lookahead,32,0.0087628364562988,19
1lookahead,32,0.0409269332885742,18
1lookahead,32,0.9209609031677246,17
1lookahead,33,0.0058891773223876,18
1lookahead,33,0.0171730518341064,17
1lookahead,33,0.0599591732025146,16
1lookahead,33,0.4421591758728027,15
1lookahead,33,0.7533628940582275,14
1lookahead,34,0.0088100433349609,23
1lookahead,34,0.0238661766052246,21
1lookahead,34,0.1345829963684082,20
1lookahead,34,0.6670949459075928,19
1lookahead,34,0.8616800308227539,18
1lookahead,34,2.4448680877685547,17
1lookahead,35,0.0081217288970947,21
1lookahead,35,0.0443949699401855,20
1lookahead,35,0.1375679969787597,16
1lookahead,35,1.296280860900879,15
1lookahead,36,0.0058941841125488,17
1lookahead,36,0.0915572643280029,15
1lookahead,36,0.2928130626678467,14
1lookahead,37,0.0117897987365722,26
1lookahead,37,0.022167682647705,25
1lookahead,37,0.0316159725189209,23
1lookahead,37,0.1950788497924804,22
1lookahead,37,0.2342088222503662,21
1lookahead,37,0.77793288230896,19
1lookahead,37,1.1065528392791748,18
1lookahead,37,3.851087808609009,17
1lookahead,38,0.0075998306274414,20
1lookahead,38,0.027958869934082,17
1lookahead,38,0.0333600044250488,14
1lookahead,38,0.1925878524780273,13
1lookahead,38,1.4612460136413574,12
1lookahead,39,0.0068750381469726,14
1lookahead,39,0.3582968711853027,12
1lookahead,40,0.0067996978759765,18
1lookahead,40,0.1318697929382324,17
1lookahead,40,0.223794937133789,15
1lookahead,41,0.0053339004516601,14
1lookahead,41,0.0637290477752685,12
1lookahead,42,0.0059239864349365,18
1lookahead,42,0.0173120498657226,17
1lookahead,42,0.0390880107879638,15
1lookahead,42,0.0552639961242675,14
1lookahead,42,0.1089780330657959,13
1lookahead,42,0.2246627807617187,12
1lookahead,43,0.0072607994079589,16
1lookahead,43,0.4827027320861816,14
1lookahead,44,0.0049941539764404,14
1lookahead,45,0.0075030326843261,17
1lookahead,45,0.2795403003692627,16
1lookahead,46,0.0078649520874023,20
1lookahead,46,0.0149159431457519,19
1lookahead,46,0.0201711654663085,16
1lookahead,46,0.5618159770965576,15
1lookahead,46,0.7884659767150879,14
1lookahead,47,0.0087611675262451,20
1lookahead,47,0.1743550300598144,17
1lookahead,47,1.1847410202026367,16
1lookahead,48,0.0069422721862792,17
1lookahead,48,0.0746359825134277,16
1lookahead,49,0.007012128829956,16
1lookahead,49,0.0848572254180908,15
1lookahead,50,0.0062489509582519,17
1lookahead,50,0.1245818138122558,16
1lookahead,50,0.3710119724273681,15
1lookahead,51,0.0093398094177246,24
1lookahead,51,0.0341618061065673,22
1lookahead,51,0.0651798248291015,21
1lookahead,51,0.128788948059082,20
1lookahead,51,0.1437928676605224,18
1lookahead,51,0.2088041305541992,17
1lookahead,51,0.5689568519592285,15
1lookahead,52,0.0050849914550781,16
1lookahead,52,0.0292749404907226,15
1lookahead,52,0.5827181339263916,14
1lookahead,53,0.0077576637268066,20
1lookahead,53,0.0578136444091796,17
1lookahead,53,0.5416839122772217,16
1lookahead,53,2.7113280296325684,15
1lookahead,54,0.0098199844360351,22
1lookahead,54,0.0178239345550537,21
1lookahead,54,0.0782320499420166,20
1lookahead,54,0.1106748580932617,19
1lookahead,54,0.9394118785858154,17
1lookahead,54,1.456744909286499,16
1lookahead,55,0.0102357864379882,24
1lookahead,55,0.0438768863677978,20
1lookahead,55,0.0919990539550781,18
1lookahead,55,1.380058765411377,17
1lookahead,55,2.187180757522583,16
1lookahead,56,0.0086562633514404,21
1lookahead,56,0.0964441299438476,20
1lookahead,56,0.1657190322875976,19
1lookahead,56,0.8051619529724121,18
1lookahead,57,0.0085549354553222,21
1lookahead,57,0.0468058586120605,20
1lookahead,57,0.0905866622924804,19
1lookahead,57,0.1286587715148925,18
1lookahead,57,0.1507010459899902,17
1lookahead,58,0.0053119659423828,17
1lookahead,58,0.0399868488311767,15
1lookahead,58,0.0645070075988769,14
1lookahead,58,0.9571588039398192,13
1lookahead,59,0.0059609413146972,16
1lookahead,59,0.0349929332733154,15
1lookahead,59,0.3761351108551025,14
1lookahead,59,0.7166781425476074,13
1lookahead,60,0.0057399272918701,17
1lookahead,60,0.1666510105133056,16
1lookahead,60,0.1909599304199218,15
1lookahead,61,0.0078709125518798,20
1lookahead,61,0.0284070968627929,19
1lookahead,61,0.1754801273345947,18
1lookahead,61,1.1617588996887207,17
1lookahead,62,0.0066978931427001,17
1lookahead,62,0.0308887958526611,16
1lookahead,62,0.0478448867797851,15
1lookahead,62,0.1691799163818359,14
1lookahead,62,0.3674829006195068,13
1lookahead,63,0.0083100795745849,16
1lookahead,63,0.6647810935974121,15
1lookahead,64,0.0085108280181884,21
1lookahead,64,0.0864548683166503,20
1lookahead,64,0.1548347473144531,19
1lookahead,64,0.4660139083862304,18
1lookahead,64,1.417118787765503,17
1lookahead,65,0.0090928077697753,22
1lookahead,65,0.0503180027008056,21
1lookahead,65,0.1144008636474609,20
1lookahead,65,0.1588079929351806,19
1lookahead,65,0.2875738143920898,17
1lookahead,65,0.8450429439544678,16
1lookahead,65,1.5658528804779053,15
1lookahead,66,0.0045809745788574,14
1lookahead,66,0.0267760753631591,13
1lookahead,66,0.2641379833221435,12
1lookahead,67,0.0058989524841308,18
1lookahead,67,0.0332949161529541,17
1lookahead,67,0.0774521827697753,16
1lookahead,68,0.0080599784851074,19
1lookahead,68,0.0260658264160156,18
1lookahead,68,0.5676798820495605,17
1lookahead,69,0.0072500705718994,18
1lookahead,69,0.0256149768829345,16
1lookahead,69,0.1233320236206054,15
1lookahead,70,0.0085670948028564,19
1lookahead,70,0.0299608707427978,18
1lookahead,70,0.1022350788116455,16
1lookahead,70,0.9597859382629396,15
1lookahead,71,0.0088667869567871,22
1lookahead,71,0.0324909687042236,20
1lookahead,71,0.0588059425354003,19
1lookahead,71,0.3338978290557861,18
1lookahead,72,0.0089349746704101,22
1lookahead,72,0.0160582065582275,21
1lookahead,72,0.0757830142974853,19
1lookahead,72,0.1044979095458984,17
1lookahead,72,4.930897951126099,16
1lookahead,73,0.0060610771179199,16
1lookahead,73,0.2914910316467285,15
1lookahead,74,0.0070269107818603,19
1lookahead,74,0.1797938346862793,18
1lookahead,74,0.1972479820251464,17
1lookahead,75,0.0069861412048339,17
1lookahead,75,0.071645975112915,16
1lookahead,75,0.2605690956115722,15
1lookahead,75,0.5381410121917725,14
1lookahead,75,0.7493219375610352,13
1lookahead,76,0.0099270343780517,22
1lookahead,76,0.0832152366638183,20
1lookahead,76,0.192695140838623,19
1lookahead,76,0.2173640727996826,18
1lookahead,76,0.7741482257843018,16
1lookahead,77,0.0056841373443603,19
1lookahead,77,0.0112130641937255,18
1lookahead,77,0.0317850112915039,16
1lookahead,77,0.7674570083618164,15
1lookahead,78,0.0075011253356933,18
1lookahead,78,0.0415680408477783,16
1lookahead,78,0.8341860771179199,15
1lookahead,79,0.0065889358520507,18
1lookahead,79,0.046694278717041,16
1lookahead,79,0.0672550201416015,15
1lookahead,79,0.4914250373840332,14
1lookahead,80,0.0058319568634033,18
1lookahead,80,0.0346937179565429,17
1lookahead,80,0.1234257221221923,16
1lookahead,80,0.1857898235321045,15
1lookahead,80,0.3539557456970215,14
1lookahead,80,0.9441187381744384,13
1lookahead,81,0.0065829753875732,15
1lookahead,81,1.0372419357299805,14
1lookahead,82,0.0061099529266357,18
1lookahead,82,0.0357639789581298,17
1lookahead,82,0.1821379661560058,16
1lookahead,82,0.798022985458374,15
1lookahead,82,1.7439119815826416,14
1lookahead,83,0.0072019100189208,19
1lookahead,83,0.1115720272064209,18
1lookahead,83,0.2752439975738525,17
1lookahead,83,1.1703808307647705,16
1lookahead,84,0.0062091350555419,15
1lookahead,84,0.1977801322937011,14
1lookahead,85,0.005671739578247,16
1lookahead,85,0.0218410491943359,15
1lookahead,85,0.0694110393524169,14
1lookahead,86,0.0067598819732666,18
1lookahead,86,0.1229879856109619,16
1lookahead,86,0.2363820075988769,15
1lookahead,86,1.2669010162353516,14
1lookahead,87,0.0104050636291503,22
1lookahead,87,0.0813159942626953,21
1lookahead,87,0.1994562149047851,20
1lookahead,87,0.2840652465820312,18
1lookahead,88,0.0067300796508789,18
1lookahead,88,0.0256068706512451,17
1lookahead,88,0.2169868946075439,16
1lookahead,88,0.6192820072174072,15
1lookahead,89,0.005789041519165,17
1lookahead,89,0.0213382244110107,15
1lookahead,89,0.0256431102752685,14
1lookahead,89,0.5209720134735107,13
1lookahead,90,0.0084118843078613,19
1lookahead,90,0.0220119953155517,18
1lookahead,90,0.692425012588501,17
1lookahead,90,2.2285759449005127,16
1lookahead,91,0.0078558921813964,20
1lookahead,91,0.0143749713897705,19
1lookahead,91,0.2753090858459472,18
1lookahead,91,0.8829078674316406,17
1lookahead,92,0.0063722133636474,19
1lookahead,92,0.011733055114746,17
1lookahead,92,0.0451071262359619,16
1lookahead,92,0.1785511970520019,15
1lookahead,92,0.7162160873413086,14
1lookahead,92,1.059096097946167,13
1lookahead,93,0.009800910949707,21
1lookahead,93,0.0170948505401611,20
1lookahead,93,0.1318168640136718,19
1lookahead,93,0.1395549774169922,18
1lookahead,93,0.3024806976318359,17
1lookahead,93,0.4922699928283691,16
1lookahead,94,0.0087311267852783,22
1lookahead,94,0.0384790897369384,19
1lookahead,94,0.1041741371154785,18
1lookahead,94,0.608860969543457,15
1lookahead,95,0.0059058666229248,16
1lookahead,95,0.0456738471984863,15
1lookahead,95,0.094944953918457,14
1lookahead,95,1.3615837097167969,13
1lookahead,96,0.0086078643798828,19
1lookahead,96,0.0222508907318115,18
1lookahead,96,0.0582470893859863,17
1lookahead,96,0.6370210647583008,15
1lookahead,96,2.0765950679779053,14
1lookahead,96,2.4203219413757324,13
1lookahead,97,0.0033910274505615,12
1lookahead,97,0.0060200691223144,11
1lookahead,98,0.0065710544586181,18
1lookahead,98,0.0192019939422607,17
1lookahead,98,1.1544170379638672,16
1lookahead,99,0.008549690246582,20
1lookahead,99,0.0504758358001709,19
1lookahead,99,0.0712497234344482,17
1lookahead,99,1.1007637977600098,16
2lookahead,0,0.143751859664917,17
2lookahead,0,1.2246880531311035,16
2lookahead,0,1.7604551315307615,15
2lookahead,1,0.1023900508880615,16
2lookahead,1,0.2895197868347168,14
2lookahead,1,6.465836048126221,13
2lookahead,2,0.1153569221496582,15
2lookahead,2,8.536322832107544,14
2lookahead,3,0.1467530727386474,18
2lookahead,3,0.5267231464385986,16
2lookahead,3,1.3922700881958008,15
2lookahead,3,18.93817400932312,14
2lookahead,4,0.1086671352386474,14
2lookahead,4,0.1789660453796386,13
2lookahead,5,0.1212599277496337,14
2lookahead,6,0.1094751358032226,16
2lookahead,6,0.8154432773590088,15
2lookahead,7,0.1705708503723144,16
2lookahead,7,4.400796890258789,15
2lookahead,7,6.179847955703735,14
2lookahead,8,0.0843539237976074,14
2lookahead,9,0.0891811847686767,13
2lookahead,10,0.1943511962890625,17
2lookahead,10,12.816535949707031,16
2lookahead,11,0.1082160472869873,12
2lookahead,11,3.236862897872925,11
2lookahead,12,0.1449129581451416,17
2lookahead,12,1.178389072418213,16
2lookahead,12,2.781994104385376,15
2lookahead,12,30.18110227584839,14
2lookahead,13,0.180851936340332,18
2lookahead,13,4.022572040557861,17
2lookahead,13,17.191920042037964,16
2lookahead,14,0.2011330127716064,18
2lookahead,14,1.4399330615997314,17
2lookahead,14,15.99921703338623,16
2lookahead,15,0.0730249881744384,13
2lookahead,16,0.119783878326416,15
2lookahead,16,0.63496994972229,13
2lookahead,17,0.1043338775634765,15
2lookahead,17,3.4997220039367676,14
2lookahead,18,0.1107902526855468,15
2lookahead,18,0.2890782356262207,14
2lookahead,18,1.944289207458496,13
2lookahead,18,2.2284412384033203,12
2lookahead,19,0.209846019744873,19
2lookahead,19,3.4770467281341553,18
2lookahead,19,6.978079080581665,17
2lookahead,19,17.521317958831787,16
2lookahead,19,33.700846910476685,15
2lookahead,20,0.1144137382507324,15
2lookahead,20,2.1605398654937744,14
2lookahead,21,0.1190071105957031,14
2lookahead,21,0.6379320621490479,13
2lookahead,22,0.1647520065307617,18
2lookahead,22,1.065990924835205,14
2lookahead,23,0.0767741203308105,16
2lookahead,23,0.4774069786071777,15
2lookahead,23,4.426177978515625,14
2lookahead,24,0.1344261169433593,16
2lookahead,24,0.4865632057189941,15
2lookahead,24,5.327732086181641,14
2lookahead,25,0.1071088314056396,16
2lookahead,25,2.5285589694976807,15
2lookahead,26,0.1660821437835693,20
2lookahead,26,0.6168372631072998,19
2lookahead,26,1.9622960090637207,16
2lookahead,26,31.06559896469116,15
2lookahead,27,0.1395111083984375,15
2lookahead,27,6.092188119888306,14
2lookahead,28,0.1660389900207519,17
2lookahead,28,0.3034119606018066,16
2lookahead,28,6.759618043899536,15
2lookahead,28,18.292423963546753,14
2lookahead,29,0.1625111103057861,16
2lookahead,29,1.0380280017852783,14
2lookahead,30,0.0602149963378906,13
2lookahead,30,0.7143900394439697,12
2lookahead,30,0.7986800670623779,11
2lookahead,30,4.408323049545288,10
2lookahead,31,0.1291041374206543,16
2lookahead,31,1.5542020797729492,15
2lookahead,31,2.8735523223876953,14
2lookahead,32,0.2055220603942871,19
2lookahead,32,1.7001190185546875,18
2lookahead,32,3.411781072616577,17
2lookahead,33,0.1156070232391357,17
2lookahead,33,0.323268175125122,15
2lookahead,33,10.252264976501465,14
2lookahead,34,0.1644837856292724,21
2lookahead,34,0.2961459159851074,18
2lookahead,34,3.362459897994995,17
2lookahead,35,0.1668460369110107,18
2lookahead,35,1.6803247928619385,17
2lookahead,35,3.311389923095703,16
2lookahead,35,3.4806699752807617,15
2lookahead,36,0.1081709861755371,15
2lookahead,37,0.263073205947876,20
2lookahead,37,2.384427070617676,19
2lookahead,37,3.6619961261749263,18
2lookahead,37,45.74705219268799,17
2lookahead,38,0.1330187320709228,13
2lookahead,38,1.1419548988342283,12
2lookahead,39,0.1445467472076416,13
2lookahead,39,3.5856127738952637,12
2lookahead,40,0.1289620399475097,16
2lookahead,40,3.445046901702881,15
2lookahead,41,0.0965580940246582,13
2lookahead,41,0.7775721549987793,11
2lookahead,42,0.1013791561126709,13
2lookahead,42,1.2753410339355469,12
2lookahead,43,0.1468000411987304,15
2lookahead,43,3.8539140224456783,14
2lookahead,43,14.063923120498655,13
2lookahead,44,0.0862610340118408,14
2lookahead,44,0.9223830699920654,13
2lookahead,45,0.1349670886993408,16
2lookahead,45,11.88335418701172,15
2lookahead,45,13.4433331489563,14
2lookahead,46,0.1315538883209228,15
2lookahead,46,3.370990037918091,14
2lookahead,47,0.1919679641723632,17
2lookahead,47,3.859122276306152,16
2lookahead,48,0.1500039100646972,16
2lookahead,48,1.5579590797424316,15
2lookahead,48,13.540698051452637,14
2lookahead,49,0.1475307941436767,16
2lookahead,49,0.2462739944458007,15
2lookahead,49,1.5361838340759275,14
2lookahead,49,11.858253002166748,12
2lookahead,50,0.1372630596160888,16
2lookahead,50,1.144407033920288,15
2lookahead,51,0.1587560176849365,17
2lookahead,51,3.406553030014038,15
2lookahead,52,0.0967738628387451,15
2lookahead,52,0.5312950611114502,14
2lookahead,53,0.1433820724487304,18
2lookahead,53,1.154081106185913,17
2lookahead,53,2.5141119956970215,16
2lookahead,53,25.48972797393799,15
2lookahead,53,26.152803897857662,14
2lookahead,54,0.2075340747833252,16
2lookahead,55,0.1790018081665039,18
2lookahead,55,2.979217767715454,17
2lookahead,55,21.393852949142456,16
2lookahead,56,0.2010838985443115,19
2lookahead,56,2.3667280673980713,16
2lookahead,57,0.1929528713226318,18
2lookahead,57,1.9336650371551511,17
2lookahead,58,0.0886468887329101,13
2lookahead,59,0.1598520278930664,16
2lookahead,59,0.7308568954467773,15
2lookahead,59,11.66754984855652,14
2lookahead,60,0.1174032688140869,17
2lookahead,60,0.3328330516815185,15
2lookahead,60,1.2475440502166748,14
2lookahead,60,3.1271932125091553,13
2lookahead,61,0.1695921421051025,18
2lookahead,61,1.6924762725830078,17
2lookahead,62,0.1074931621551513,14
2lookahead,62,0.7130680084228516,13
2lookahead,63,0.2073240280151367,17
2lookahead,63,0.3954379558563232,16
2lookahead,63,3.6612489223480225,15
2lookahead,64,0.1921207904815673,19
2lookahead,64,2.754239082336426,18
2lookahead,64,4.312205791473389,17
2lookahead,65,0.1805140972137451,18
2lookahead,65,1.3228871822357178,17
2lookahead,65,3.483464241027832,16
2lookahead,65,33.395761251449585,15
2lookahead,66,0.0787703990936279,14
2lookahead,66,0.4149742126464844,13
2lookahead,66,0.8201510906219482,12
2lookahead,67,0.1254951953887939,15
2lookahead,68,0.1482021808624267,19
2lookahead,68,0.5192062854766846,17
2lookahead,68,1.970118284225464,15
2lookahead,69,0.1175460815429687,15
2lookahead,69,0.4300270080566406,14
2lookahead,70,0.1908309459686279,17
2lookahead,70,0.7013649940490723,16
2lookahead,70,1.3489770889282229,15
2lookahead,71,0.2140178680419922,17
2lookahead,71,11.979728937149048,16
2lookahead,71,29.127501964569092,15
2lookahead,72,0.1820650100708007,18
2lookahead,72,2.22917103767395,16
2lookahead,73,0.1122019290924072,15
2lookahead,74,0.1239569187164306,19
2lookahead,74,0.4679000377655029,18
2lookahead,74,3.555048942565918,16
2lookahead,75,0.1176300048828125,17
2lookahead,75,1.1652507781982422,16
2lookahead,75,4.691819667816162,14
2lookahead,75,9.159886837005615,13
2lookahead,76,0.1915688514709472,20
2lookahead,76,0.5548310279846191,19
2lookahead,76,1.0853519439697266,18
2lookahead,76,2.0045788288116455,17
2lookahead,76,4.5458550453186035,15
2lookahead,77,0.097261905670166,16
2lookahead,77,2.117719888687134,15
2lookahead,78,0.1590251922607422,17
2lookahead,78,0.4335711002349853,16
2lookahead,78,5.044445991516113,15
2lookahead,78,5.716586112976074,14
2lookahead,79,0.1100227832794189,16
2lookahead,79,0.7966368198394775,15
2lookahead,79,1.8371241092681885,14
2lookahead,79,2.4327549934387207,13
2lookahead,80,0.1119740009307861,17
2lookahead,80,0.6046268939971924,16
2lookahead,80,3.070401906967163,15
2lookahead,80,3.1452150344848633,14
2lookahead,80,6.543414831161499,13
2lookahead,81,0.1439340114593505,15
2lookahead,81,2.971950054168701,14
2lookahead,82,0.121899127960205,16
2lookahead,82,0.6840798854827881,15
2lookahead,83,0.1363668441772461,16
2lookahead,83,7.36388897895813,15
2lookahead,84,0.1494579315185547,15
2lookahead,84,1.4966380596160889,14
2lookahead,85,0.1125540733337402,15
2lookahead,85,0.7327122688293457,14
2lookahead,85,2.5854930877685547,13
2lookahead,86,0.1586489677429199,17
2lookahead,86,0.6037089824676514,15
2lookahead,86,2.1756949424743652,14
2lookahead,86,5.133183002471924,13
2lookahead,87,0.2039899826049804,20
2lookahead,87,1.1855852603912354,18
2lookahead,88,0.147576093673706,15
2lookahead,88,7.600935935974121,14
2lookahead,89,0.1078338623046875,12
2lookahead,90,0.1377489566802978,16
2lookahead,91,0.1601989269256591,19
2lookahead,91,0.3051779270172119,18
2lookahead,91,5.74058198928833,17
2lookahead,91,15.15815567970276,16
2lookahead,92,0.115574836730957,16
2lookahead,92,0.8078279495239258,15
2lookahead,92,1.5810229778289795,14
2lookahead,92,19.216909646987915,13
2lookahead,93,0.176274299621582,16
2lookahead,93,20.163559198379517,15
2lookahead,94,0.1850578784942627,15
2lookahead,95,0.1159601211547851,14
2lookahead,95,0.8536281585693359,13
2lookahead,96,0.1321961879730224,14
2lookahead,96,2.86434006690979,13
2lookahead,97,0.0450742244720459,12
2lookahead,97,0.0799441337585449,11
2lookahead,98,0.1594870090484619,16
2lookahead,98,1.381643772125244,15
2lookahead,98,3.6429927349090576,14
2lookahead,98,12.866403818130491,13
2lookahead,99,0.1713461875915527,19
2lookahead,99,0.4806571006774902,18
2lookahead,99,0.6250040531158447,17
2lookahead,99,17.468014001846313,16
ppo_w64d10,0,0.0789339542388916,16
ppo_w64d10,0,0.5509998798370361,15
ppo_w64d10,1,0.019918203353881836,15
ppo_w64d10,1,0.032820940017700195,14
ppo_w64d10,1,1.2501609325408936,13
ppo_w64d10,2,0.013550758361816406,14
ppo_w64d10,2,4.557483673095703,13
ppo_w64d10,3,0.01573014259338379,16
ppo_w64d10,3,0.37527894973754883,15
ppo_w64d10,4,0.01202082633972168,13
ppo_w64d10,5,0.014048099517822266,15
ppo_w64d10,5,0.02719902992248535,14
ppo_w64d10,5,3.063851833343506,13
ppo_w64d10,6,0.012782812118530273,16
ppo_w64d10,6,0.5116517543792725,15
ppo_w64d10,7,0.014900922775268555,16
ppo_w64d10,7,0.42673206329345703,15
ppo_w64d10,7,4.499419212341309,14
ppo_w64d10,8,0.015867948532104492,14
ppo_w64d10,9,0.01684403419494629,14
ppo_w64d10,9,2.4810400009155273,12
ppo_w64d10,10,0.023196935653686523,17
ppo_w64d10,10,3.5727038383483887,16
ppo_w64d10,11,0.013141870498657227,13
ppo_w64d10,12,0.01919412612915039,19
ppo_w64d10,12,0.03492403030395508,17
ppo_w64d10,12,0.9144279956817627,16
ppo_w64d10,12,9.658759117126465,15
ppo_w64d10,12,13.287837028503418,14
ppo_w64d10,13,0.04221320152282715,18
ppo_w64d10,13,0.16234183311462402,17
ppo_w64d10,13,10.528682947158813,16
ppo_w64d10,14,0.022536039352416992,17
ppo_w64d10,14,0.3999760150909424,16
ppo_w64d10,15,0.026089906692504883,13
ppo_w64d10,15,3.2491068840026855,12
ppo_w64d10,16,0.009351015090942383,12
ppo_w64d10,17,0.011986970901489258,15
ppo_w64d10,17,1.9294378757476807,14
ppo_w64d10,18,0.017889022827148438,13
ppo_w64d10,18,3.3264598846435547,12
ppo_w64d10,19,0.023486852645874023,17
ppo_w64d10,19,0.04350686073303223,16
ppo_w64d10,20,0.018243789672851562,13
ppo_w64d10,21,0.025016069412231445,16
ppo_w64d10,21,0.04644036293029785,15
ppo_w64d10,21,3.1624412536621094,14
ppo_w64d10,21,13.768149137496948,13
ppo_w64d10,22,0.017791032791137695,17
ppo_w64d10,22,0.6491420269012451,16
ppo_w64d10,22,1.0947368144989014,15
ppo_w64d10,22,6.549418926239014,14
ppo_w64d10,23,0.01442098617553711,15
ppo_w64d10,23,1.8423528671264648,14
ppo_w64d10,24,0.03118896484375,16
ppo_w64d10,24,1.485119104385376,15
ppo_w64d10,24,3.1431260108947754,14
ppo_w64d10,25,0.014525890350341797,17
ppo_w64d10,25,0.9727506637573242,16
ppo_w64d10,25,9.592763900756836,15
ppo_w64d10,26,0.025581836700439453,16
ppo_w64d10,26,10.658676862716675,15
ppo_w64d10,27,0.04939889907836914,15
ppo_w64d10,27,10.370999813079834,14
ppo_w64d10,28,0.03028082847595215,17
ppo_w64d10,28,0.38200974464416504,16
ppo_w64d10,28,1.8584609031677246,15
ppo_w64d10,28,13.375515937805176,14
ppo_w64d10,29,0.021877050399780273,17
ppo_w64d10,29,0.03944206237792969,16
ppo_w64d10,29,0.32549214363098145,15
ppo_w64d10,29,2.130913019180298,14
ppo_w64d10,30,0.017493009567260742,11
ppo_w64d10,30,3.1348438262939453,10
ppo_w64d10,31,0.015044927597045898,14
ppo_w64d10,31,6.9422290325164795,13
ppo_w64d10,32,0.018476009368896484,19
ppo_w64d10,32,0.03278708457946777,18
ppo_w64d10,32,2.811513900756836,17
ppo_w64d10,33,0.017690181732177734,15
ppo_w64d10,33,0.44521522521972656,14
ppo_w64d10,34,0.021764039993286133,18
ppo_w64d10,34,1.8167591094970703,17
ppo_w64d10,35,0.02279186248779297,18
ppo_w64d10,35,0.04207801818847656,16
ppo_w64d10,35,3.7334141731262207,15
ppo_w64d10,35,25.126553058624268,14
ppo_w64d10,36,0.013875961303710938,15
ppo_w64d10,36,0.9372291564941406,14
ppo_w64d10,37,0.03266096115112305,19
ppo_w64d10,37,0.8969638347625732,18
ppo_w64d10,37,2.3398330211639404,16
ppo_w64d10,38,0.015589237213134766,16
ppo_w64d10,38,0.2643702030181885,15
ppo_w64d10,38,1.2983272075653076,14
ppo_w64d10,38,1.34824538230896,13
ppo_w64d10,38,2.7521181106567383,12
ppo_w64d10,39,0.02632308006286621,13
ppo_w64d10,39,4.6850831508636475,12
ppo_w64d10,40,0.016029834747314453,16
ppo_w64d10,40,0.7694950103759766,15
ppo_w64d10,40,8.39622974395752,14
ppo_w64d10,41,0.018881797790527344,13
ppo_w64d10,41,0.6749048233032227,12
ppo_w64d10,42,0.008875846862792969,12
ppo_w64d10,42,1.299267053604126,11
ppo_w64d10,43,0.025495052337646484,15
ppo_w64d10,43,0.733975887298584,14
ppo_w64d10,43,9.166486024856567,13
ppo_w64d10,44,0.019992828369140625,13
ppo_w64d10,45,0.014947175979614258,18
ppo_w64d10,45,0.027918100357055664,17
ppo_w64d10,45,0.6877892017364502,16
ppo_w64d10,45,2.6133062839508057,13
ppo_w64d10,46,0.012912988662719727,15
ppo_w64d10,46,0.44922876358032227,14
ppo_w64d10,46,10.233199834823608,13
ppo_w64d10,47,0.026144027709960938,17
ppo_w64d10,47,3.840510845184326,16
ppo_w64d10,47,14.741910696029663,15
ppo_w64d10,48,0.01483774185180664,15
ppo_w64d10,48,1.4333300590515137,14
ppo_w64d10,49,0.011539936065673828,14
ppo_w64d10,49,1.3149569034576416,13
ppo_w64d10,49,9.820157766342163,12
ppo_w64d10,50,0.02478814125061035,17
ppo_w64d10,50,0.3561718463897705,16
ppo_w64d10,50,0.673602819442749,15
ppo_w64d10,50,12.229205131530762,14
ppo_w64d10,51,0.01442575454711914,16
ppo_w64d10,51,0.5117697715759277,15
ppo_w64d10,52,0.01456594467163086,14
ppo_w64d10,52,0.6859488487243652,13
ppo_w64d10,53,0.015986919403076172,17
ppo_w64d10,53,0.028905868530273438,16
ppo_w64d10,53,9.712114810943604,15
ppo_w64d10,54,0.01633906364440918,18
ppo_w64d10,54,0.26720285415649414,17
ppo_w64d10,54,9.353620052337646,16
ppo_w64d10,55,0.02100682258605957,19
ppo_w64d10,55,0.11744475364685059,18
ppo_w64d10,55,1.3591268062591553,17
ppo_w64d10,55,13.094912052154541,16
ppo_w64d10,56,0.029388904571533203,18
ppo_w64d10,56,3.1874098777770996,17
ppo_w64d10,56,8.203800916671753,16
ppo_w64d10,56,10.892047882080078,15
ppo_w64d10,57,0.016148090362548828,19
ppo_w64d10,57,0.030865192413330078,18
ppo_w64d10,57,3.1271233558654785,17
ppo_w64d10,57,9.601179122924805,16
ppo_w64d10,58,0.012422800064086914,14
ppo_w64d10,58,0.18388605117797852,13
ppo_w64d10,59,0.012566089630126953,14
ppo_w64d10,60,0.011328935623168945,15
ppo_w64d10,60,1.1880900859832764,14
ppo_w64d10,61,0.013522863388061523,17
ppo_w64d10,61,0.38812804222106934,16
ppo_w64d10,62,0.013128042221069336,14
ppo_w64d10,62,5.2674031257629395,13
ppo_w64d10,63,0.015912294387817383,17
ppo_w64d10,63,0.029703378677368164,16
ppo_w64d10,63,0.18708038330078125,15
ppo_w64d10,63,58.21165108680725,14
ppo_w64d10,64,0.022988080978393555,17
ppo_w64d10,64,2.639986038208008,16
ppo_w64d10,65,0.0329890251159668,17
ppo_w64d10,65,1.3005590438842773,16
ppo_w64d10,66,0.011322736740112305,13
ppo_w64d10,66,0.38455796241760254,12
ppo_w64d10,67,0.026057958602905273,15
ppo_w64d10,67,6.724761247634888,14
ppo_w64d10,68,0.016103029251098633,14
ppo_w64d10,68,0.8192589282989502,13
ppo_w64d10,68,0.9053390026092529,12
ppo_w64d10,69,0.016561031341552734,15
ppo_w64d10,69,3.227152109146118,14
ppo_w64d10,70,0.016825199127197266,18
ppo_w64d10,70,0.40479612350463867,17
ppo_w64d10,70,1.0981700420379639,16
ppo_w64d10,70,20.086848974227905,15
ppo_w64d10,71,0.01548004150390625,17
ppo_w64d10,71,5.797413110733032,16
ppo_w64d10,72,0.012652873992919922,17
ppo_w64d10,72,0.023428916931152344,16
ppo_w64d10,73,0.013775825500488281,17
ppo_w64d10,73,0.024156808853149414,15
ppo_w64d10,74,0.014558076858520508,18
ppo_w64d10,74,3.092494010925293,17
ppo_w64d10,74,9.300652027130127,16
ppo_w64d10,75,0.013991117477416992,17
ppo_w64d10,75,0.16893696784973145,16
ppo_w64d10,75,0.7102980613708496,14
ppo_w64d10,76,0.014048099517822266,19
ppo_w64d10,76,0.025960922241210938,18
ppo_w64d10,76,0.0631570816040039,17
ppo_w64d10,76,0.30387115478515625,16
ppo_w64d10,76,8.553423881530762,15
ppo_w64d10,77,0.012251853942871094,14
ppo_w64d10,78,0.012326955795288086,16
ppo_w64d10,78,0.5107879638671875,15
ppo_w64d10,78,3.4170100688934326,14
ppo_w64d10,79,0.017014741897583008,15
ppo_w64d10,79,0.5947158336639404,14
ppo_w64d10,79,1.1859278678894043,13
ppo_w64d10,80,0.020576000213623047,14
ppo_w64d10,80,0.5665438175201416,13
ppo_w64d10,81,0.025556087493896484,15
ppo_w64d10,81,1.1386768817901611,14
ppo_w64d10,82,0.012607097625732422,14
ppo_w64d10,82,3.5674550533294678,13
ppo_w64d10,83,0.019737958908081055,19
ppo_w64d10,83,0.21752214431762695,18
ppo_w64d10,83,0.7698309421539307,17
ppo_w64d10,83,3.422664165496826,16
ppo_w64d10,83,13.072136163711548,15
ppo_w64d10,84,0.021105289459228516,16
ppo_w64d10,84,1.7585031986236572,15
ppo_w64d10,84,10.399912357330322,14
ppo_w64d10,85,0.024813175201416016,15
ppo_w64d10,85,0.7891380786895752,14
ppo_w64d10,85,5.15863299369812,13
ppo_w64d10,86,0.0267791748046875,16
ppo_w64d10,86,0.04994392395019531,15
ppo_w64d10,86,2.955960988998413,14
ppo_w64d10,87,0.025690317153930664,19
ppo_w64d10,87,5.156230926513672,18
ppo_w64d10,87,7.193282127380371,17
ppo_w64d10,88,0.020975112915039062,18
ppo_w64d10,88,0.0399169921875,17
ppo_w64d10,88,2.18161678314209,16
ppo_w64d10,88,41.27893877029419,15
ppo_w64d10,89,0.016757965087890625,16
ppo_w64d10,89,0.031025171279907227,15
ppo_w64d10,89,0.4720470905303955,13
ppo_w64d10,89,5.931753873825073,12
ppo_w64d10,90,0.013864755630493164,16
ppo_w64d10,90,2.4510626792907715,15
ppo_w64d10,91,0.029780149459838867,18
ppo_w64d10,91,0.29031991958618164,17
ppo_w64d10,91,1.029581069946289,16
ppo_w64d10,92,0.019505023956298828,15
ppo_w64d10,92,0.1638190746307373,14
ppo_w64d10,92,3.3023149967193604,13
ppo_w64d10,93,0.014614105224609375,16
ppo_w64d10,93,1.2697699069976807,15
ppo_w64d10,93,1.320970058441162,14
ppo_w64d10,94,0.017280101776123047,20
ppo_w64d10,94,0.03383994102478027,19
ppo_w64d10,94,0.4414958953857422,17
ppo_w64d10,94,3.0667459964752197,16
ppo_w64d10,95,0.015852928161621094,14
ppo_w64d10,95,0.14682602882385254,13
ppo_w64d10,96,0.019527912139892578,15
ppo_w64d10,96,4.9735426902771,14
ppo_w64d10,97,0.011725187301635742,11
ppo_w64d10,98,0.02304530143737793,17
ppo_w64d10,98,0.05013298988342285,16
ppo_w64d10,98,0.11174821853637695,15
ppo_w64d10,98,2.245774269104004,14
ppo_w64d10,99,0.018497943878173828,19
ppo_w64d10,99,0.32221388816833496,18
ppo_w64d10,99,1.418799877166748,17
ppo_w32d5,0,0.04966282844543457,16
ppo_w32d5,0,0.3574221134185791,15
ppo_w32d5,1,0.007817983627319336,14
ppo_w32d5,1,0.5918262004852295,13
ppo_w32d5,2,0.011882305145263672,15
ppo_w32d5,2,0.3692600727081299,14
ppo_w32d5,2,3.18754506111145,13
ppo_w32d5,3,0.00896906852722168,17
ppo_w32d5,3,0.22291994094848633,16
ppo_w32d5,3,0.6502232551574707,15
ppo_w32d5,3,6.201600074768066,14
ppo_w32d5,4,0.010769844055175781,13
ppo_w32d5,5,0.010393142700195312,14
ppo_w32d5,5,2.3825621604919434,13
ppo_w32d5,6,0.00957489013671875,16
ppo_w32d5,6,0.131666898727417,15
ppo_w32d5,7,0.009633064270019531,14
ppo_w32d5,8,0.009333610534667969,14
ppo_w32d5,9,0.011169195175170898,12
ppo_w32d5,10,0.016269922256469727,18
ppo_w32d5,10,0.9282510280609131,17
ppo_w32d5,10,2.812954902648926,16
ppo_w32d5,10,8.549965858459473,15
ppo_w32d5,11,0.006197929382324219,14
ppo_w32d5,11,0.9399480819702148,13
ppo_w32d5,11,2.9438130855560303,12
ppo_w32d5,11,12.08602499961853,11
ppo_w32d5,12,0.007305145263671875,16
ppo_w32d5,12,0.5419540405273438,15
ppo_w32d5,12,4.657160997390747,14
ppo_w32d5,13,0.010417938232421875,19
ppo_w32d5,13,0.08006978034973145,18
ppo_w32d5,13,0.5137937068939209,17
ppo_w32d5,14,0.010018110275268555,18
ppo_w32d5,14,0.7222950458526611,17
ppo_w32d5,14,1.6225101947784424,16
ppo_w32d5,15,0.00968623161315918,12
ppo_w32d5,15,3.768226146697998,11
ppo_w32d5,16,0.007764101028442383,13
ppo_w32d5,16,2.5561721324920654,12
ppo_w32d5,17,0.008662223815917969,16
ppo_w32d5,17,0.27044200897216797,15
ppo_w32d5,17,1.042628288269043,14
ppo_w32d5,18,0.013347864151000977,15
ppo_w32d5,18,0.12185502052307129,13
ppo_w32d5,19,0.01263880729675293,20
ppo_w32d5,19,0.03168988227844238,19
ppo_w32d5,19,0.42890071868896484,16
ppo_w32d5,19,4.443532705307007,15
ppo_w32d5,20,0.009038925170898438,15
ppo_w32d5,20,0.9595270156860352,14
ppo_w32d5,21,0.012260675430297852,14
ppo_w32d5,21,0.3308987617492676,13
ppo_w32d5,22,0.011602163314819336,15
ppo_w32d5,22,1.7405741214752197,14
ppo_w32d5,23,0.009716987609863281,15
ppo_w32d5,23,0.7735888957977295,14
ppo_w32d5,24,0.012647151947021484,17
ppo_w32d5,24,0.02945995330810547,16
ppo_w32d5,24,0.09144020080566406,15
ppo_w32d5,24,0.5215990543365479,14
ppo_w32d5,25,0.01129603385925293,18
ppo_w32d5,25,0.19871306419372559,15
ppo_w32d5,25,1.6369881629943848,14
ppo_w32d5,26,0.012686729431152344,17
ppo_w32d5,26,2.4900217056274414,16
ppo_w32d5,27,0.013744115829467773,15
ppo_w32d5,27,2.119218349456787,14
ppo_w32d5,28,0.009305000305175781,16
ppo_w32d5,28,0.8602371215820312,15
ppo_w32d5,28,5.114561080932617,14
ppo_w32d5,29,0.007458925247192383,16
ppo_w32d5,29,0.017858028411865234,15
ppo_w32d5,29,1.4887957572937012,14
ppo_w32d5,30,0.008230209350585938,11
ppo_w32d5,30,0.8783690929412842,10
ppo_w32d5,31,0.01128387451171875,14
ppo_w32d5,31,1.012232780456543,13
ppo_w32d5,32,0.011093854904174805,20
ppo_w32d5,32,0.030832767486572266,19
ppo_w32d5,32,0.1268596649169922,18
ppo_w32d5,32,7.231090784072876,17
ppo_w32d5,33,0.008635282516479492,15
ppo_w32d5,33,6.060611009597778,14
ppo_w32d5,34,0.013833999633789062,18
ppo_w32d5,34,1.6227400302886963,17
ppo_w32d5,35,0.014935970306396484,17
ppo_w32d5,35,0.11597371101379395,16
ppo_w32d5,35,0.32215380668640137,15
ppo_w32d5,35,2.795768976211548,14
ppo_w32d5,36,0.007922887802124023,15
ppo_w32d5,36,0.0982198715209961,14
ppo_w32d5,37,0.012042045593261719,21
ppo_w32d5,37,0.022383928298950195,19
ppo_w32d5,37,0.266312837600708,18
ppo_w32d5,37,1.2645618915557861,17
ppo_w32d5,38,0.012769222259521484,15
ppo_w32d5,38,0.20712804794311523,14
ppo_w32d5,38,4.434906244277954,13
ppo_w32d5,39,0.00932002067565918,16
ppo_w32d5,39,0.01584911346435547,14
ppo_w32d5,39,2.565886974334717,13
ppo_w32d5,39,2.5784080028533936,12
ppo_w32d5,40,0.006796121597290039,15
ppo_w32d5,40,0.7468008995056152,14
ppo_w32d5,41,0.011047840118408203,13
ppo_w32d5,41,0.3938627243041992,12
ppo_w32d5,42,0.01040196418762207,16
ppo_w32d5,42,0.018545866012573242,15
ppo_w32d5,42,0.10363101959228516,14
ppo_w32d5,42,0.12972688674926758,13
ppo_w32d5,42,0.18695712089538574,12
ppo_w32d5,42,2.889785051345825,11
ppo_w32d5,43,0.008337020874023438,16
ppo_w32d5,43,0.5959889888763428,15
ppo_w32d5,43,1.5629708766937256,14
ppo_w32d5,44,0.005708932876586914,15
ppo_w32d5,44,0.010247945785522461,14
ppo_w32d5,44,0.29284000396728516,13
ppo_w32d5,45,0.01248311996459961,15
ppo_w32d5,46,0.00972294807434082,17
ppo_w32d5,46,0.03611302375793457,16
ppo_w32d5,46,0.2824420928955078,15
ppo_w32d5,46,0.2963290214538574,13
ppo_w32d5,47,0.015455007553100586,18
ppo_w32d5,47,0.023853778839111328,17
ppo_w32d5,47,1.7739548683166504,16
ppo_w32d5,47,3.3736419677734375,15
ppo_w32d5,48,0.013782024383544922,16
ppo_w32d5,48,0.4737670421600342,15
ppo_w32d5,48,4.975476026535034,14
ppo_w32d5,49,0.006639957427978516,13
ppo_w32d5,49,4.437969923019409,12
ppo_w32d5,50,0.010525941848754883,17
ppo_w32d5,50,0.3086819648742676,16
ppo_w32d5,50,2.181511878967285,15
ppo_w32d5,51,0.010033845901489258,17
ppo_w32d5,51,0.027026891708374023,16
ppo_w32d5,51,5.268584966659546,15
ppo_w32d5,52,0.012080907821655273,14
ppo_w32d5,52,0.7072358131408691,13
ppo_w32d5,53,0.008686065673828125,16
ppo_w32d5,53,0.9501097202301025,15
ppo_w32d5,53,2.2624239921569824,14
ppo_w32d5,54,0.00824594497680664,19
ppo_w32d5,54,0.04683995246887207,18
ppo_w32d5,54,0.23314499855041504,17
ppo_w32d5,54,6.006805896759033,16
ppo_w32d5,55,0.008165121078491211,19
ppo_w32d5,55,0.04808187484741211,18
ppo_w32d5,55,0.2663600444793701,17
ppo_w32d5,55,1.4650800228118896,16
ppo_w32d5,56,0.01539301872253418,20
ppo_w32d5,56,0.3100123405456543,19
ppo_w32d5,56,3.910388231277466,18
ppo_w32d5,56,11.976933240890503,17
ppo_w32d5,57,0.015717744827270508,18
ppo_w32d5,57,0.6049578189849854,17
ppo_w32d5,57,8.061316728591919,16
ppo_w32d5,58,0.007143974304199219,13
ppo_w32d5,59,0.007776021957397461,15
ppo_w32d5,59,0.11247801780700684,14
ppo_w32d5,60,0.008111238479614258,16
ppo_w32d5,60,0.1781449317932129,15
ppo_w32d5,60,0.613926887512207,14
ppo_w32d5,60,2.3673930168151855,13
ppo_w32d5,61,0.01102590560913086,17
ppo_w32d5,61,1.102693796157837,16
ppo_w32d5,62,0.008910894393920898,16
ppo_w32d5,62,0.030615806579589844,14
ppo_w32d5,62,3.7400050163269043,13
ppo_w32d5,63,0.008297920227050781,18
ppo_w32d5,63,0.03157496452331543,16
ppo_w32d5,63,0.6947309970855713,15
ppo_w32d5,64,0.008521080017089844,17
ppo_w32d5,64,0.8418409824371338,16
ppo_w32d5,65,0.010613203048706055,19
ppo_w32d5,65,0.3732922077178955,18
ppo_w32d5,65,0.5645103454589844,17
ppo_w32d5,65,2.6429760456085205,16
ppo_w32d5,65,7.20592737197876,15
ppo_w32d5,66,0.00715327262878418,13
ppo_w32d5,67,0.009890079498291016,18
ppo_w32d5,67,0.01550912857055664,15
ppo_w32d5,67,1.0146150588989258,14
ppo_w32d5,68,0.008733034133911133,16
ppo_w32d5,68,0.1221311092376709,15
ppo_w32d5,68,0.8576760292053223,14
ppo_w32d5,68,2.420300245285034,13
ppo_w32d5,69,0.007512807846069336,14
ppo_w32d5,70,0.009329080581665039,15
ppo_w32d5,71,0.017639875411987305,19
ppo_w32d5,71,0.028494834899902344,18
ppo_w32d5,71,0.15828204154968262,17
ppo_w32d5,71,3.364560842514038,15
ppo_w32d5,72,0.00907278060913086,17
ppo_w32d5,72,0.644845724105835,16
ppo_w32d5,73,0.009130001068115234,16
ppo_w32d5,73,0.09050393104553223,15
ppo_w32d5,73,5.087967872619629,14
ppo_w32d5,74,0.008391857147216797,20
ppo_w32d5,74,0.05222606658935547,19
ppo_w32d5,74,0.23690509796142578,18
ppo_w32d5,74,1.2600960731506348,17
ppo_w32d5,75,0.011375188827514648,15
ppo_w32d5,75,2.9921820163726807,14
ppo_w32d5,76,0.01181793212890625,17
ppo_w32d5,76,0.2144608497619629,16
ppo_w32d5,76,3.064556121826172,15
ppo_w32d5,77,0.009216070175170898,16
ppo_w32d5,77,0.5061821937561035,15
ppo_w32d5,77,2.402066946029663,14
ppo_w32d5,78,0.014135122299194336,16
ppo_w32d5,78,0.07213115692138672,15
ppo_w32d5,78,1.8135669231414795,14
ppo_w32d5,79,0.011527061462402344,16
ppo_w32d5,79,0.1424260139465332,15
ppo_w32d5,79,0.5166170597076416,14
ppo_w32d5,79,0.5280470848083496,13
ppo_w32d5,80,0.011278152465820312,14
ppo_w32d5,80,0.20140910148620605,13
ppo_w32d5,81,0.008925914764404297,16
ppo_w32d5,81,0.3725912570953369,15
ppo_w32d5,81,2.274320125579834,14
ppo_w32d5,82,0.012404918670654297,14
ppo_w32d5,82,3.629469871520996,13
ppo_w32d5,83,0.014281988143920898,17
ppo_w32d5,83,0.5042710304260254,16
ppo_w32d5,84,0.010079145431518555,15
ppo_w32d5,84,0.9512460231781006,14
ppo_w32d5,85,0.008481025695800781,13
ppo_w32d5,86,0.012225151062011719,15
ppo_w32d5,86,0.981895923614502,14
ppo_w32d5,86,4.752219915390015,13
ppo_w32d5,87,0.01258087158203125,19
ppo_w32d5,87,0.02718210220336914,18
ppo_w32d5,87,3.6771788597106934,16
ppo_w32d5,88,0.010505914688110352,16
ppo_w32d5,88,2.2675349712371826,15
ppo_w32d5,88,7.541930913925171,14
ppo_w32d5,89,0.008530855178833008,15
ppo_w32d5,89,0.015689849853515625,14
ppo_w32d5,89,0.2713279724121094,13
ppo_w32d5,89,3.664717674255371,12
ppo_w32d5,90,0.00904083251953125,16
ppo_w32d5,90,0.7660820484161377,15
ppo_w32d5,91,0.0160980224609375,18
ppo_w32d5,91,0.027806997299194336,17
ppo_w32d5,91,2.6427950859069824,16
ppo_w32d5,92,0.012521982192993164,14
ppo_w32d5,92,0.44708824157714844,13
ppo_w32d5,93,0.009741067886352539,16
ppo_w32d5,93,0.14923405647277832,15
ppo_w32d5,93,3.5160019397735596,14
ppo_w32d5,94,0.008446216583251953,15
ppo_w32d5,95,0.006765127182006836,15
ppo_w32d5,95,0.012368917465209961,14
ppo_w32d5,95,1.6454081535339355,13
ppo_w32d5,95,1.749967098236084,12
ppo_w32d5,96,0.008374929428100586,15
ppo_w32d5,96,1.6166231632232666,14
ppo_w32d5,96,5.938585042953491,13
ppo_w32d5,97,0.008651018142700195,12
ppo_w32d5,97,0.05232119560241699,11
ppo_w32d5,98,0.014792919158935547,17
ppo_w32d5,98,0.023696184158325195,16
ppo_w32d5,98,0.1236882209777832,15
ppo_w32d5,98,0.48074793815612793,14
ppo_w32d5,98,5.099879026412964,13
ppo_w32d5,99,0.012655258178710938,19
ppo_w32d5,99,0.11227011680603027,18
ppo_w32d5,99,2.7093870639801025,17
ppo_w32d5,99,6.458320140838623,16
